filename,width,height,class,xmin,ymin,xmax,ymax
CCTV_Cheetos_55_F_2023_08_17_180802.png,2048,1536,CheetosTorciditos_55_F,920,601,1277,1158
CCTV_Cheetos_55_F_2023_08_17_180805.png,2048,1536,CheetosTorciditos_55_F,808,573,1400,1164
CCTV_Cheetos_55_F_2023_08_17_180807.png,2048,1536,CheetosTorciditos_55_F,788,681,1398,1024
CCTV_Cheetos_55_F_2023_08_17_180810.png,2048,1536,CheetosTorciditos_55_F,822,575,1416,1152
CCTV_Cheetos_55_F_2023_08_17_180812.png,2048,1536,CheetosTorciditos_55_F,957,591,1296,1128
CCTV_Cheetos_55_F_2023_08_17_180814.png,2048,1536,CheetosTorciditos_55_F,820,568,1441,1134
CCTV_Cheetos_55_F_2023_08_17_180817.png,2048,1536,CheetosTorciditos_55_F,822,670,1416,960
CCTV_Cheetos_55_F_2023_08_17_180819.png,2048,1536,CheetosTorciditos_55_F,818,530,1416,1122
CCTV_Cheetos_55_F_2023_08_17_180823.png,2048,1536,CheetosTorciditos_55_F,1335,170,1643,587
CCTV_Cheetos_55_F_2023_08_17_180826.png,2048,1536,CheetosTorciditos_55_F,1216,154,1731,556
CCTV_Cheetos_55_F_2023_08_17_180828.png,2048,1536,CheetosTorciditos_55_F,1231,189,1698,448
CCTV_Cheetos_55_F_2023_08_17_180831.png,2048,1536,CheetosTorciditos_55_F,1277,150,1708,542
CCTV_Cheetos_55_F_2023_08_17_180834.png,2048,1536,CheetosTorciditos_55_F,1386,160,1710,519
CCTV_Cheetos_55_F_2023_08_17_180837.png,2048,1536,CheetosTorciditos_55_F,1257,150,1769,528
CCTV_Cheetos_55_F_2023_08_17_180840.png,2048,1536,CheetosTorciditos_55_F,1267,209,1741,422
CCTV_Cheetos_55_F_2023_08_17_180843.png,2048,1536,CheetosTorciditos_55_F,1308,122,1710,556
CCTV_Cheetos_55_F_2023_08_17_180854.png,2048,1536,CheetosTorciditos_55_F,263,161,732,559
CCTV_Cheetos_55_F_2023_08_17_180857.png,2048,1536,CheetosTorciditos_55_F,314,165,639,529
CCTV_Cheetos_55_F_2023_08_17_180859.png,2048,1536,CheetosTorciditos_55_F,286,165,718,541
CCTV_Cheetos_55_F_2023_08_17_180901.png,2048,1536,CheetosTorciditos_55_F,267,233,735,455
CCTV_Cheetos_55_F_2023_08_17_180903.png,2048,1536,CheetosTorciditos_55_F,275,143,739,569
CCTV_Cheetos_55_F_2023_08_17_180907.png,2048,1536,CheetosTorciditos_55_F,155,753,453,1288
CCTV_Cheetos_55_F_2023_08_17_180909.png,2048,1536,CheetosTorciditos_55_F,116,747,596,1320
CCTV_Cheetos_55_F_2023_08_17_180911.png,2048,1536,CheetosTorciditos_55_F,83,878,624,1220
CCTV_Cheetos_55_F_2023_08_17_180913.png,2048,1536,CheetosTorciditos_55_F,108,798,645,1316
CCTV_Cheetos_55_F_2023_08_17_180917.png,2048,1536,CheetosTorciditos_55_F,149,784,604,1365
CCTV_Cheetos_55_F_2023_08_17_180921.png,2048,1536,CheetosTorciditos_55_F,79,786,575,1380
CCTV_Cheetos_55_F_2023_08_17_180926.png,2048,1536,CheetosTorciditos_55_F,996,310,1318,774
CCTV_Cheetos_55_F_2023_08_17_180928.png,2048,1536,CheetosTorciditos_55_F,1277,706,1575,1278
CCTV_Cheetos_55_F_2023_08_17_180933.png,2048,1536,CheetosTorciditos_55_F,279,429,581,882
CCTV_Cheetos_55_F_2023_08_17_180936.png,2048,1536,CheetosTorciditos_55_F,835,180,1363,559
CCTV_Cheetos_55_F_2023_08_17_180938.png,2048,1536,CheetosTorciditos_55_F,226,702,708,1296
CCTV_Cheetos_55_F_2023_08_17_180940.png,2048,1536,CheetosTorciditos_55_F,1241,680,1794,1210
CCTV_Cheetos_55_F_2023_08_17_180951.png,2048,1536,CheetosTorciditos_55_F,618,123,1088,398
CCTV_Cheetos_55_F_2023_08_17_180957.png,2048,1536,CheetosTorciditos_55_F,918,380,1469,669
CCTV_Cheetos_55_F_2023_08_17_181145.png,2048,1536,CheetosTorciditos_55_F,1463,784,1757,1351
CCTV_Cheetos_55_F_2023_08_17_181147.png,2048,1536,CheetosTorciditos_55_F,1320,757,1879,1343
CCTV_Cheetos_55_F_2023_08_17_181150.png,2048,1536,CheetosTorciditos_55_F,1355,894,1890,1231
CCTV_Cheetos_55_F_2023_08_17_181152.png,2048,1536,CheetosTorciditos_55_F,1359,767,1886,1367
CCTV_Cheetos_55_F_2023_08_17_181155.png,2048,1536,CheetosTorciditos_55_F,1490,773,1833,1322
CCTV_Churrumais_70_F_2023_08_17_165036.png,2048,1536,Churrumais_70_F,908,564,1243,1095
CCTV_Churrumais_70_F_2023_08_17_165039.png,2048,1536,Churrumais_70_F,790,536,1388,1064
CCTV_Churrumais_70_F_2023_08_17_165041.png,2048,1536,Churrumais_70_F,796,644,1361,946
CCTV_Churrumais_70_F_2023_08_17_165044.png,2048,1536,Churrumais_70_F,779,503,1343,1042
CCTV_Churrumais_70_F_2023_08_17_165046.png,2048,1536,Churrumais_70_F,849,505,1200,1001
CCTV_Churrumais_70_F_2023_08_17_165049.png,2048,1536,Churrumais_70_F,763,472,1306,1030
CCTV_Churrumais_70_F_2023_08_17_165051.png,2048,1536,Churrumais_70_F,726,560,1284,881
CCTV_Churrumais_70_F_2023_08_17_165054.png,2048,1536,Churrumais_70_F,728,428,1281,975
CCTV_Churrumais_70_F_2023_08_17_165101.png,2048,1536,Churrumais_70_F,1335,154,1653,546
CCTV_Churrumais_70_F_2023_08_17_165104.png,2048,1536,Churrumais_70_F,1263,158,1749,538
CCTV_Churrumais_70_F_2023_08_17_165107.png,2048,1536,Churrumais_70_F,1277,201,1726,430
CCTV_Churrumais_70_F_2023_08_17_165110.png,2048,1536,Churrumais_70_F,1326,122,1694,505
CCTV_Churrumais_70_F_2023_08_17_165112.png,2048,1536,Churrumais_70_F,1363,136,1702,499
CCTV_Churrumais_70_F_2023_08_17_165115.png,2048,1536,Churrumais_70_F,1273,99,1755,477
CCTV_Churrumais_70_F_2023_08_17_165118.png,2048,1536,Churrumais_70_F,1284,148,1728,389
CCTV_Churrumais_70_F_2023_08_17_165121.png,2048,1536,Churrumais_70_F,1290,85,1686,473
CCTV_Churrumais_70_F_2023_08_17_165142.png,2048,1536,Churrumais_70_F,196,141,626,512
CCTV_Churrumais_70_F_2023_08_17_165145.png,2048,1536,Churrumais_70_F,251,155,559,516
CCTV_Churrumais_70_F_2023_08_17_165147.png,2048,1536,Churrumais_70_F,230,149,604,525
CCTV_Churrumais_70_F_2023_08_17_165149.png,2048,1536,Churrumais_70_F,206,190,632,396
CCTV_Churrumais_70_F_2023_08_17_165151.png,2048,1536,Churrumais_70_F,186,123,622,512
CCTV_Churrumais_70_F_2023_08_17_165156.png,2048,1536,Churrumais_70_F,126,780,435,1294
CCTV_Churrumais_70_F_2023_08_17_165158.png,2048,1536,Churrumais_70_F,55,796,516,1347
CCTV_Churrumais_70_F_2023_08_17_165200.png,2048,1536,Churrumais_70_F,39,916,514,1245
CCTV_Churrumais_70_F_2023_08_17_165202.png,2048,1536,Churrumais_70_F,81,806,577,1320
CCTV_Churrumais_70_F_2023_08_17_165204.png,2048,1536,Churrumais_70_F,186,812,490,1333
CCTV_Churrumais_70_F_2023_08_17_165206.png,2048,1536,Churrumais_70_F,130,810,624,1376
CCTV_Churrumais_70_F_2023_08_17_165208.png,2048,1536,Churrumais_70_F,157,896,647,1206
CCTV_Churrumais_70_F_2023_08_17_165210.png,2048,1536,Churrumais_70_F,120,778,604,1355
CCTV_Churrumais_70_F_2023_08_17_165214.png,2048,1536,Churrumais_70_F,1428,873,1741,1423
CCTV_Churrumais_70_F_2023_08_17_165217.png,2048,1536,Churrumais_70_F,1308,890,1865,1447
CCTV_Churrumais_70_F_2023_08_17_165220.png,2048,1536,Churrumais_70_F,1320,996,1849,1318
CCTV_Churrumais_70_F_2023_08_17_165222.png,2048,1536,Churrumais_70_F,1314,884,1892,1431
CCTV_Churrumais_70_F_2023_08_17_165225.png,2048,1536,Churrumais_70_F,1428,837,1786,1390
CCTV_Churrumais_70_F_2023_08_17_165228.png,2048,1536,Churrumais_70_F,1351,823,1894,1414
CCTV_Churrumais_70_F_2023_08_17_165231.png,2048,1536,Churrumais_70_F,1322,959,1855,1286
CCTV_Churrumais_70_F_2023_08_17_165234.png,2048,1536,Churrumais_70_F,1310,839,1853,1439
CCTV_Churrumais_70_F_2023_08_17_165252.png,2048,1536,Churrumais_70_F,792,492,1116,1002
CCTV_Churrumais_70_F_2023_08_17_165254.png,2048,1536,Churrumais_70_F,681,594,1235,894
CCTV_Churrumais_70_F_2023_08_17_165257.png,2048,1536,Churrumais_70_F,869,100,1159,455
CCTV_Chu_Fri_Chee_2023_08_17_181324.png,2048,1536,Churrumais_70_F,71,615,343,1115
CCTV_Chu_Fri_Chee_2023_08_17_181324.png,2048,1536,FritosSalLimon_65_F,288,617,592,1128
CCTV_Chu_Fri_Chee_2023_08_17_181324.png,2048,1536,CheetosTorciditos_55_F,561,605,869,1162
CCTV_Chu_Fri_Chee_2023_08_17_181327.png,2048,1536,CheetosTorciditos_55_F,355,472,888,966
CCTV_Chu_Fri_Chee_2023_08_17_181327.png,2048,1536,FritosSalLimon_65_F,173,621,661,1138
CCTV_Chu_Fri_Chee_2023_08_17_181327.png,2048,1536,Churrumais_70_F,14,828,514,1348
CCTV_Chu_Fri_Chee_2023_08_17_181330.png,2048,1536,CheetosTorciditos_55_F,220,515,735,768
CCTV_Chu_Fri_Chee_2023_08_17_181330.png,2048,1536,FritosSalLimon_65_F,161,734,655,1021
CCTV_Chu_Fri_Chee_2023_08_17_181330.png,2048,1536,Churrumais_70_F,118,997,628,1303
CCTV_Chu_Fri_Chee_2023_08_17_181332.png,2048,1536,CheetosTorciditos_55_F,84,442,561,903
CCTV_Chu_Fri_Chee_2023_08_17_181332.png,2048,1536,FritosSalLimon_65_F,145,621,675,1126
CCTV_Chu_Fri_Chee_2023_08_17_181332.png,2048,1536,Churrumais_70_F,255,834,822,1356
CCTV_Chu_Fri_Chee_2023_08_17_181335.png,2048,1536,CheetosTorciditos_55_F,63,607,371,1081
CCTV_Chu_Fri_Chee_2023_08_17_181335.png,2048,1536,FritosSalLimon_65_F,284,630,592,1152
CCTV_Chu_Fri_Chee_2023_08_17_181335.png,2048,1536,Churrumais_70_F,526,658,857,1183
CCTV_Chu_Fri_Chee_2023_08_17_181337.png,2048,1536,Churrumais_70_F,449,493,928,1034
CCTV_Chu_Fri_Chee_2023_08_17_181337.png,2048,1536,FritosSalLimon_65_F,228,603,698,1168
CCTV_Chu_Fri_Chee_2023_08_17_181337.png,2048,1536,CheetosTorciditos_55_F,39,732,453,1279
CCTV_Chu_Fri_Chee_2023_08_17_181340.png,2048,1536,Churrumais_70_F,253,493,739,758
CCTV_Chu_Fri_Chee_2023_08_17_181340.png,2048,1536,FritosSalLimon_65_F,181,722,692,1024
CCTV_Chu_Fri_Chee_2023_08_17_181340.png,2048,1536,CheetosTorciditos_55_F,104,946,604,1293
CCTV_Chu_Fri_Chee_2023_08_17_181343.png,2048,1536,Churrumais_70_F,110,397,582,873
CCTV_Chu_Fri_Chee_2023_08_17_181343.png,2048,1536,FritosSalLimon_65_F,184,587,722,1089
CCTV_Chu_Fri_Chee_2023_08_17_181343.png,2048,1536,CheetosTorciditos_55_F,271,781,853,1352
CCTV_Chu_Fri_Chee_2023_08_17_181349.png,2048,1536,Churrumais_70_F,626,840,973,1421
CCTV_Chu_Fri_Chee_2023_08_17_181349.png,2048,1536,FritosSalLimon_65_F,931,821,1284,1407
CCTV_Chu_Fri_Chee_2023_08_17_181349.png,2048,1536,CheetosTorciditos_55_F,1224,809,1594,1393
CCTV_Chu_Fri_Chee_2023_08_17_181353.png,2048,1536,Churrumais_70_F,675,1005,1331,1536
CCTV_Chu_Fri_Chee_2023_08_17_181353.png,2048,1536,FritosSalLimon_65_F,855,760,1488,1332
CCTV_Chu_Fri_Chee_2023_08_17_181353.png,2048,1536,CheetosTorciditos_55_F,1063,572,1669,1107
CCTV_Chu_Fri_Chee_2023_08_17_181356.png,2048,1536,CheetosTorciditos_55_F,955,581,1518,879
CCTV_Chu_Fri_Chee_2023_08_17_181356.png,2048,1536,FritosSalLimon_65_F,947,832,1549,1162
CCTV_Chu_Fri_Chee_2023_08_17_181356.png,2048,1536,Churrumais_70_F,951,1109,1545,1456
CCTV_Chu_Fri_Chee_2023_08_17_181358.png,2048,1536,CheetosTorciditos_55_F,786,532,1373,1083
CCTV_Chu_Fri_Chee_2023_08_17_181358.png,2048,1536,FritosSalLimon_65_F,977,724,1579,1313
CCTV_Chu_Fri_Chee_2023_08_17_181358.png,2048,1536,Churrumais_70_F,1177,926,1759,1521
CCTV_Chu_Fri_Chee_2023_08_17_181402.png,2048,1536,CheetosTorciditos_55_F,865,683,1196,1250
CCTV_Chu_Fri_Chee_2023_08_17_181402.png,2048,1536,FritosSalLimon_65_F,1179,713,1494,1270
CCTV_Chu_Fri_Chee_2023_08_17_181402.png,2048,1536,Churrumais_70_F,1475,744,1757,1293
CCTV_Chu_Fri_Chee_2023_08_17_181404.png,2048,1536,CheetosTorciditos_55_F,814,791,1435,1411
CCTV_Chu_Fri_Chee_2023_08_17_181404.png,2048,1536,FritosSalLimon_65_F,1077,644,1655,1240
CCTV_Chu_Fri_Chee_2023_08_17_181404.png,2048,1536,Churrumais_70_F,1308,530,1833,1070
CCTV_Chu_Fri_Chee_2023_08_17_181407.png,2048,1536,Churrumais_70_F,1124,507,1630,781
CCTV_Chu_Fri_Chee_2023_08_17_181407.png,2048,1536,FritosSalLimon_65_F,1084,752,1653,1064
CCTV_Chu_Fri_Chee_2023_08_17_181407.png,2048,1536,CheetosTorciditos_55_F,1008,1026,1620,1346
CCTV_Chu_Fri_Chee_2023_08_17_181410.png,2048,1536,Churrumais_70_F,871,454,1430,997
CCTV_Chu_Fri_Chee_2023_08_17_181410.png,2048,1536,FritosSalLimon_65_F,1092,605,1667,1164
CCTV_Chu_Fri_Chee_2023_08_17_181410.png,2048,1536,CheetosTorciditos_55_F,1263,805,1822,1422
CCTV_Chu_Fri_Chee_2023_08_17_181414.png,2048,1536,Churrumais_70_F,884,176,1175,565
CCTV_Chu_Fri_Chee_2023_08_17_181414.png,2048,1536,FritosSalLimon_65_F,1139,157,1441,547
CCTV_Chu_Fri_Chee_2023_08_17_181414.png,2048,1536,CheetosTorciditos_55_F,1357,178,1673,592
CCTV_Chu_Fri_Chee_2023_08_17_181417.png,2048,1536,Churrumais_70_F,812,273,1359,714
CCTV_Chu_Fri_Chee_2023_08_17_181417.png,2048,1536,FritosSalLimon_65_F,1002,139,1510,557
CCTV_Chu_Fri_Chee_2023_08_17_181417.png,2048,1536,CheetosTorciditos_55_F,1184,74,1677,451
CCTV_Chu_Fri_Chee_2023_08_17_181420.png,2048,1536,CheetosTorciditos_55_F,1043,86,1496,286
CCTV_Chu_Fri_Chee_2023_08_17_181420.png,2048,1536,FritosSalLimon_65_F,988,233,1490,467
CCTV_Chu_Fri_Chee_2023_08_17_181420.png,2048,1536,Churrumais_70_F,957,427,1469,692
CCTV_Chu_Fri_Chee_2023_08_17_181423.png,2048,1536,CheetosTorciditos_55_F,847,51,1318,404
CCTV_Chu_Fri_Chee_2023_08_17_181423.png,2048,1536,FritosSalLimon_65_F,984,169,1483,578
CCTV_Chu_Fri_Chee_2023_08_17_181423.png,2048,1536,Churrumais_70_F,1139,320,1635,765
CCTV_Chu_Fri_Chee_2023_08_17_181426.png,2048,1536,CheetosTorciditos_55_F,896,190,1179,571
CCTV_Chu_Fri_Chee_2023_08_17_181426.png,2048,1536,FritosSalLimon_65_F,1122,192,1437,592
CCTV_Chu_Fri_Chee_2023_08_17_181426.png,2048,1536,Churrumais_70_F,1353,223,1675,618
CCTV_Chu_Fri_Chee_2023_08_17_181428.png,2048,1536,CheetosTorciditos_55_F,777,286,1337,733
CCTV_Chu_Fri_Chee_2023_08_17_181428.png,2048,1536,FritosSalLimon_65_F,992,167,1522,594
CCTV_Chu_Fri_Chee_2023_08_17_181428.png,2048,1536,Churrumais_70_F,1181,94,1647,478
CCTV_Chu_Fri_Chee_2023_08_17_181431.png,2048,1536,Churrumais_70_F,1026,96,1479,290
CCTV_Chu_Fri_Chee_2023_08_17_181431.png,2048,1536,FritosSalLimon_65_F,1000,247,1490,469
CCTV_Chu_Fri_Chee_2023_08_17_181431.png,2048,1536,CheetosTorciditos_55_F,932,435,1483,676
CCTV_Chu_Fri_Chee_2023_08_17_181434.png,2048,1536,Churrumais_70_F,851,35,1320,373
CCTV_Chu_Fri_Chee_2023_08_17_181434.png,2048,1536,FritosSalLimon_65_F,945,157,1461,563
CCTV_Chu_Fri_Chee_2023_08_17_181434.png,2048,1536,CheetosTorciditos_55_F,1063,316,1598,794
CCTV_Chu_Fri_Chee_2023_08_17_181440.png,2048,1536,Churrumais_70_F,359,173,651,539
CCTV_Chu_Fri_Chee_2023_08_17_181440.png,2048,1536,FritosSalLimon_65_F,579,151,849,531
CCTV_Chu_Fri_Chee_2023_08_17_181440.png,2048,1536,CheetosTorciditos_55_F,810,159,1092,561
CCTV_Chu_Fri_Chee_2023_08_17_181443.png,2048,1536,Churrumais_70_F,306,269,771,688
CCTV_Chu_Fri_Chee_2023_08_17_181443.png,2048,1536,FritosSalLimon_65_F,481,149,945,537
CCTV_Chu_Fri_Chee_2023_08_17_181443.png,2048,1536,CheetosTorciditos_55_F,669,53,1151,406
CCTV_Chu_Fri_Chee_2023_08_17_181536.png,2048,1536,CheetosTorciditos_55_F,253,682,816,1206
CCTV_Chu_Fri_Chee_2023_08_17_181536.png,2048,1536,FritosSalLimon_65_F,661,400,1222,912
CCTV_Chu_Fri_Chee_2023_08_17_181536.png,2048,1536,Churrumais_70_F,992,184,1479,596
CCTV_Chu_Fri_Chee_2023_08_17_181543.png,2048,1536,CheetosTorciditos_55_F,237,676,790,1257
CCTV_Chu_Fri_Chee_2023_08_17_181543.png,2048,1536,FritosSalLimon_65_F,586,382,1133,876
CCTV_Chu_Fri_Chee_2023_08_17_181543.png,2048,1536,Churrumais_70_F,933,104,1384,531
CCTV_Chu_Fri_Chee_2023_08_17_181547.png,2048,1536,Churrumais_70_F,743,90,1045,443
CCTV_Chu_Fri_Chee_2023_08_17_181547.png,2048,1536,FritosSalLimon_65_F,726,423,1035,896
CCTV_Chu_Fri_Chee_2023_08_17_181547.png,2048,1536,CheetosTorciditos_55_F,700,837,1053,1439
CCTV_Chu_Fri_Chee_2023_08_17_181553.png,2048,1536,Churrumais_70_F,586,202,1081,427
CCTV_Chu_Fri_Chee_2023_08_17_181553.png,2048,1536,FritosSalLimon_65_F,557,410,1094,914
CCTV_Chu_Fri_Chee_2023_08_17_181553.png,2048,1536,CheetosTorciditos_55_F,422,857,1041,1222
CCTV_Chu_Fri_Chee_2023_08_17_181559.png,2048,1536,Churrumais_70_F,375,412,906,849
CCTV_Chu_Fri_Chee_2023_08_17_181559.png,2048,1536,FritosSalLimon_65_F,220,557,712,1069
CCTV_Chu_Fri_Chee_2023_08_17_181559.png,2048,1536,CheetosTorciditos_55_F,61,723,530,1243
CCTV_Chu_Fri_Chee_2023_08_17_181602.png,2048,1536,CheetosTorciditos_55_F,406,582,900,1035
CCTV_Chu_Fri_Chee_2023_08_17_181602.png,2048,1536,FritosSalLimon_65_F,624,437,1116,1008
CCTV_Chu_Fri_Chee_2023_08_17_181602.png,2048,1536,Churrumais_70_F,820,322,1322,808
CCTV_Chu_Fri_Chee_2023_08_17_181605.png,2048,1536,CheetosTorciditos_55_F,655,288,1165,814
CCTV_Chu_Fri_Chee_2023_08_17_181605.png,2048,1536,FritosSalLimon_65_F,916,453,1432,998
CCTV_Chu_Fri_Chee_2023_08_17_181605.png,2048,1536,Churrumais_70_F,1322,492,1741,1055
CCTV_Chu_Fri_Chee_2023_08_17_181611.png,2048,1536,CheetosTorciditos_55_F,57,663,408,1216
CCTV_Chu_Fri_Chee_2023_08_17_181611.png,2048,1536,FritosSalLimon_65_F,355,665,773,1245
CCTV_Chu_Fri_Chee_2023_08_17_181611.png,2048,1536,Churrumais_70_F,714,759,1057,1312
CCTV_Chu_Fri_Chee_2023_08_17_181615.png,2048,1536,CheetosTorciditos_55_F,965,478,1543,1014
CCTV_Chu_Fri_Chee_2023_08_17_181615.png,2048,1536,FritosSalLimon_65_F,1120,331,1639,829
CCTV_Chu_Fri_Chee_2023_08_17_181615.png,2048,1536,Churrumais_70_F,1406,306,1884,755
CCTV_Chu_Fri_Chee_2023_08_17_181622.png,2048,1536,Churrumais_70_F,692,371,1208,620
CCTV_Chu_Fri_Chee_2023_08_17_181622.png,2048,1536,FritosSalLimon_65_F,783,557,1130,1047
CCTV_Chu_Fri_Chee_2023_08_17_181622.png,2048,1536,CheetosTorciditos_55_F,614,984,1237,1335
CCTV_Chu_Fri_Chee_2023_08_17_181625.png,2048,1536,CheetosTorciditos_55_F,322,806,677,1378
CCTV_Chu_Fri_Chee_2023_08_17_181625.png,2048,1536,FritosSalLimon_65_F,581,908,1157,1304
CCTV_Chu_Fri_Chee_2023_08_17_181625.png,2048,1536,Churrumais_70_F,1065,831,1426,1416
CCTV_Chu_Fri_Chee_2023_08_17_181629.png,2048,1536,CheetosTorciditos_55_F,859,518,1459,1041
CCTV_Chu_Fri_Chee_2023_08_17_181629.png,2048,1536,FritosSalLimon_65_F,1124,755,1679,1331
CCTV_Chu_Fri_Chee_2023_08_17_181629.png,2048,1536,Churrumais_70_F,1367,990,1906,1536
CCTV_Chu_Fri_Chee_2023_08_17_181632.png,2048,1536,CheetosTorciditos_55_F,912,96,1371,461
CCTV_Chu_Fri_Chee_2023_08_17_181632.png,2048,1536,FritosSalLimon_65_F,1149,233,1651,608
CCTV_Chu_Fri_Chee_2023_08_17_181632.png,2048,1536,Churrumais_70_F,1453,327,1869,808
CCTV_Chu_Fri_Chee_2023_08_17_181636.png,2048,1536,Churrumais_70_F,67,406,410,861
CCTV_Chu_Fri_Chee_2023_08_17_181636.png,2048,1536,FritosSalLimon_65_F,237,229,688,618
CCTV_Chu_Fri_Chee_2023_08_17_181636.png,2048,1536,CheetosTorciditos_55_F,475,74,932,437
CCTV_Chu_Fri_Chee_2023_08_17_181638.png,2048,1536,CheetosTorciditos_55_F,545,569,1049,1159
CCTV_Chu_Fri_Chee_2023_08_17_181638.png,2048,1536,FritosSalLimon_65_F,190,788,741,1216
CCTV_Chu_Fri_Chee_2023_08_17_181638.png,2048,1536,Churrumais_70_F,16,863,308,1396
CCTV_Chu_Fri_Chee_2023_08_17_181641.png,2048,1536,Churrumais_70_F,379,541,735,1027
CCTV_Chu_Fri_Chee_2023_08_17_181641.png,2048,1536,FritosSalLimon_65_F,651,629,1163,914
CCTV_Chu_Fri_Chee_2023_08_17_181641.png,2048,1536,CheetosTorciditos_55_F,1108,502,1408,1063
CCTV_Chu_Fri_Chee_2023_08_17_181647.png,2048,1536,CheetosTorciditos_55_F,439,473,967,747
CCTV_Chu_Fri_Chee_2023_08_17_181647.png,2048,1536,Churrumais_70_F,373,710,953,1045
CCTV_Chu_Fri_Chee_2023_08_17_181647.png,2048,1536,FritosSalLimon_65_F,902,598,1447,918
CCTV_Chu_Fri_Chee_2023_08_17_181652.png,2048,1536,CheetosTorciditos_55_F,375,569,908,845
CCTV_Chu_Fri_Chee_2023_08_17_181652.png,2048,1536,Churrumais_70_F,857,706,1437,1043
CCTV_Chu_Fri_Chee_2023_08_17_181652.png,2048,1536,FritosSalLimon_65_F,873,486,1392,767
CCTV_Chu_Fri_Chee_2023_08_17_181655.png,2048,1536,CheetosTorciditos_55_F,539,437,988,955
CCTV_Chu_Fri_Chee_2023_08_17_181655.png,2048,1536,Churrumais_70_F,863,551,1402,1104
CCTV_Chu_Fri_Chee_2023_08_17_181655.png,2048,1536,FritosSalLimon_65_F,1263,600,1763,1178
CCTV_Chu_Fri_Chee_2023_08_17_181700.png,2048,1536,CheetosTorciditos_55_F,386,535,961,1094
CCTV_Chu_Fri_Chee_2023_08_17_181700.png,2048,1536,Churrumais_70_F,759,533,1322,1108
CCTV_Chu_Fri_Chee_2023_08_17_181700.png,2048,1536,FritosSalLimon_65_F,1179,529,1739,1035
CCTV_Chu_Fri_Chee_2023_08_17_181704.png,2048,1536,FritosSalLimon_65_F,310,302,828,743
CCTV_Chu_Fri_Chee_2023_08_17_181704.png,2048,1536,Churrumais_70_F,633,274,1177,720
CCTV_Chu_Fri_Chee_2023_08_17_181704.png,2048,1536,CheetosTorciditos_55_F,953,363,1514,788
CCTV_Chu_Fri_Chee_2023_08_17_181707.png,2048,1536,FritosSalLimon_65_F,51,747,555,1263
CCTV_Chu_Fri_Chee_2023_08_17_181707.png,2048,1536,Churrumais_70_F,357,763,945,1325
CCTV_Chu_Fri_Chee_2023_08_17_181707.png,2048,1536,CheetosTorciditos_55_F,681,820,1312,1431
CCTV_Chu_Fri_Chee_2023_08_17_181713.png,2048,1536,FritosSalLimon_65_F,92,243,535,627
CCTV_Chu_Fri_Chee_2023_08_17_181713.png,2048,1536,Churrumais_70_F,400,104,796,465
CCTV_Chu_Fri_Chee_2023_08_17_181713.png,2048,1536,CheetosTorciditos_55_F,704,133,1198,547
CCTV_Chu_Fri_Chee_2023_08_17_181717.png,2048,1536,FritosSalLimon_65_F,792,200,1326,508
CCTV_Chu_Fri_Chee_2023_08_17_181717.png,2048,1536,CheetosTorciditos_55_F,1177,357,1698,692
CCTV_Chu_Fri_Chee_2023_08_17_181717.png,2048,1536,Churrumais_70_F,1165,82,1577,425
CCTV_Chu_Fri_Chee_2023_08_17_181723.png,2048,1536,CheetosTorciditos_55_F,1081,996,1420,1536
CCTV_Chu_Fri_Chee_2023_08_17_181723.png,2048,1536,FritosSalLimon_65_F,1390,1031,1677,1536
CCTV_Chu_Fri_Chee_2023_08_17_181723.png,2048,1536,Churrumais_70_F,1659,1053,1922,1536
CCTV_Chu_Fri_Chee_2023_08_17_181726.png,2048,1536,CheetosTorciditos_55_F,1098,788,1441,1390
CCTV_Chu_Fri_Chee_2023_08_17_181726.png,2048,1536,FritosSalLimon_65_F,1418,806,1710,1357
CCTV_Chu_Fri_Chee_2023_08_17_181726.png,2048,1536,Churrumais_70_F,1683,822,1955,1343
CCTV_Chu_Fri_Chee_2023_08_17_181730.png,2048,1536,CheetosTorciditos_55_F,500,794,845,1382
CCTV_Chu_Fri_Chee_2023_08_17_181730.png,2048,1536,FritosSalLimon_65_F,806,810,1143,1367
CCTV_Chu_Fri_Chee_2023_08_17_181730.png,2048,1536,Churrumais_70_F,1110,814,1471,1373
CCTV_Chu_Fri_Chee_2023_08_17_181844.png,2048,1536,FritosSalLimon_65_F,339,382,857,865
CCTV_Chu_Fri_Chee_2023_08_17_181844.png,2048,1536,CheetosTorciditos_55_F,363,790,926,1133
CCTV_Chu_Fri_Chee_2023_08_17_181844.png,2048,1536,Churrumais_70_F,830,435,1410,867
CCTV_Chu_Fri_Chee_2023_08_17_181847.png,2048,1536,FritosSalLimon_65_F,251,714,657,1235
CCTV_Chu_Fri_Chee_2023_08_17_181847.png,2048,1536,CheetosTorciditos_55_F,1104,733,1686,1327
CCTV_Chu_Fri_Chee_2023_08_17_181847.png,2048,1536,Churrumais_70_F,1051,347,1596,745
CCTV_Chu_Fri_Chee_2023_08_17_181852.png,2048,1536,FritosSalLimon_65_F,451,731,771,1284
CCTV_Chu_Fri_Chee_2023_08_17_181852.png,2048,1536,Churrumais_70_F,683,465,1092,986
CCTV_Chu_Fri_Chee_2023_08_17_181852.png,2048,1536,CheetosTorciditos_55_F,435,147,881,494
CCTV_Chu_Fri_Chee_2023_08_17_181857.png,2048,1536,Churrumais_70_F,796,255,1265,506
CCTV_Chu_Fri_Chee_2023_08_17_181857.png,2048,1536,CheetosTorciditos_55_F,841,584,1449,971
CCTV_Chu_Fri_Chee_2023_08_17_181857.png,2048,1536,FritosSalLimon_65_F,349,853,902,1188
CCTV_Chu_Fri_Chee_2023_08_17_181902.png,2048,1536,Churrumais_70_F,484,382,975,645
CCTV_Chu_Fri_Chee_2023_08_17_181902.png,2048,1536,FritosSalLimon_65_F,573,547,1096,861
CCTV_Chu_Fri_Chee_2023_08_17_181902.png,2048,1536,CheetosTorciditos_55_F,508,749,1086,1112
CCTV_Chu_Fri_Chee_2023_08_17_181909.png,2048,1536,CheetosTorciditos_55_F,881,310,1418,618
CCTV_Chu_Fri_Chee_2023_08_17_181909.png,2048,1536,FritosSalLimon_65_F,783,541,1341,867
CCTV_Chu_Fri_Chee_2023_08_17_181909.png,2048,1536,Churrumais_70_F,920,776,1516,1157
CCTV_Chu_Fri_Chee_2023_08_17_181916.png,2048,1536,Churrumais_70_F,483,263,1002,725
CCTV_Chu_Fri_Chee_2023_08_17_181916.png,2048,1536,FritosSalLimon_65_F,530,639,939,1223
CCTV_Chu_Fri_Chee_2023_08_17_181916.png,2048,1536,CheetosTorciditos_55_F,1300,557,1855,986
CCTV_Chu_Fri_Chee_2023_08_17_181920.png,2048,1536,CheetosTorciditos_55_F,816,276,1375,729
CCTV_Chu_Fri_Chee_2023_08_17_181920.png,2048,1536,Churrumais_70_F,124,527,620,882
CCTV_Chu_Fri_Chee_2023_08_17_181920.png,2048,1536,FritosSalLimon_65_F,469,1063,1073,1408
CCTV_Chu_Fri_Chee_2023_08_17_181926.png,2048,1536,Churrumais_70_F,2,445,365,700
CCTV_Chu_Fri_Chee_2023_08_17_181926.png,2048,1536,CheetosTorciditos_55_F,177,484,673,1031
CCTV_Chu_Fri_Chee_2023_08_17_181926.png,2048,1536,FritosSalLimon_65_F,847,461,1412,945
CCTV_Chu_Fri_Chee_2023_08_17_181933.png,2048,1536,Churrumais_70_F,477,347,1018,706
CCTV_Chu_Fri_Chee_2023_08_17_181933.png,2048,1536,CheetosTorciditos_55_F,975,753,1612,1316
CCTV_Chu_Fri_Chee_2023_08_17_181933.png,2048,1536,FritosSalLimon_65_F,1092,610,1618,1006
CCTV_Chu_Fri_Chee_2023_08_17_181938.png,2048,1536,FritosSalLimon_65_F,1410,276,1855,645
CCTV_Chu_Fri_Chee_2023_08_17_181938.png,2048,1536,CheetosTorciditos_55_F,665,355,1253,731
CCTV_Chu_Fri_Chee_2023_08_17_181938.png,2048,1536,Churrumais_70_F,445,569,1014,1098
CCTV_Chu_Fri_Chee_2023_08_17_181943.png,2048,1536,Churrumais_70_F,630,474,1228,867
CCTV_Chu_Fri_Chee_2023_08_17_181943.png,2048,1536,FritosSalLimon_65_F,361,747,892,1345
CCTV_Chu_Fri_Chee_2023_08_17_181943.png,2048,1536,CheetosTorciditos_55_F,714,778,1341,1182
CCTV_Chu_Fri_Chee_2023_08_17_181947.png,2048,1536,CheetosTorciditos_55_F,381,906,1018,1439
CCTV_Chu_Fri_Chee_2023_08_17_181947.png,2048,1536,FritosSalLimon_65_F,759,474,1281,755
CCTV_Chu_Fri_Chee_2023_08_17_181947.png,2048,1536,Churrumais_70_F,661,227,1155,441
CCTV_Chu_Fri_Chee_2023_08_17_181952.png,2048,1536,FritosSalLimon_65_F,388,596,900,904
CCTV_Chu_Fri_Chee_2023_08_17_181952.png,2048,1536,Churrumais_70_F,947,649,1545,1202
CCTV_Chu_Fri_Chee_2023_08_17_181952.png,2048,1536,CheetosTorciditos_55_F,833,173,1343,561
CCTV_DoritosN_61 y Rancheritos_58_2023_08_16_131730.png,2048,1536,Rancheritos_58_F,714,491,1075,1003
CCTV_DoritosN_61 y Rancheritos_58_2023_08_16_131730.png,2048,1536,DoritosN_61_F,1428,858,1800,1452
CCTV_DoritosN_61 y Rancheritos_58_2023_08_16_131733.png,2048,1536,Rancheritos_58_F,665,460,1267,1040
CCTV_DoritosN_61 y Rancheritos_58_2023_08_16_131733.png,2048,1536,DoritosN_61_F,1325,832,1899,1485
CCTV_DoritosN_61 y Rancheritos_58_2023_08_16_131737.png,2048,1536,Rancheritos_58_F,739,568,1304,887
CCTV_DoritosN_61 y Rancheritos_58_2023_08_16_131737.png,2048,1536,DoritosN_61_F,1328,989,1904,1393
CCTV_DoritosN_61 y Rancheritos_58_2023_08_16_131741.png,2048,1536,Rancheritos_58_F,749,438,1365,985
CCTV_DoritosN_61 y Rancheritos_58_2023_08_16_131741.png,2048,1536,DoritosN_61_F,1288,879,1902,1517
CCTV_DoritosN_61 y Rancheritos_58_2023_08_16_131744.png,2048,1536,Rancheritos_58_F,894,417,1265,919
CCTV_DoritosN_61 y Rancheritos_58_2023_08_16_131744.png,2048,1536,DoritosN_61_F,1430,911,1796,1511
CCTV_DoritosN_61 y Rancheritos_58_2023_08_16_131748.png,2048,1536,Rancheritos_58_F,779,411,1381,938
CCTV_DoritosN_61 y Rancheritos_58_2023_08_16_131748.png,2048,1536,DoritosN_61_F,1281,887,1898,1536
CCTV_DoritosN_61 y Rancheritos_58_2023_08_16_131751.png,2048,1536,Rancheritos_58_F,853,501,1394,819
CCTV_DoritosN_61 y Rancheritos_58_2023_08_16_131751.png,2048,1536,DoritosN_61_F,1281,1042,1871,1430
CCTV_DoritosN_61 y Rancheritos_58_2023_08_16_131755.png,2048,1536,Rancheritos_58_F,859,401,1457,915
CCTV_DoritosN_61 y Rancheritos_58_2023_08_16_131755.png,2048,1536,DoritosN_61_F,1239,934,1886,1534
CCTV_DoritosN_61 y Rancheritos_58_2023_08_16_131818.png,2048,1536,DoritosN_61_F,833,483,1193,1009
CCTV_DoritosN_61 y Rancheritos_58_2023_08_16_131818.png,2048,1536,Rancheritos_58_F,1363,99,1706,472
CCTV_DoritosN_61 y Rancheritos_58_2023_08_16_131823.png,2048,1536,DoritosN_61_F,681,426,1306,999
CCTV_DoritosN_61 y Rancheritos_58_2023_08_16_131823.png,2048,1536,Rancheritos_58_F,1314,109,1745,517
CCTV_DoritosN_61 y Rancheritos_58_2023_08_16_131827.png,2048,1536,DoritosN_61_F,682,517,1269,821
CCTV_DoritosN_61 y Rancheritos_58_2023_08_16_131827.png,2048,1536,Rancheritos_58_F,1326,195,1771,460
CCTV_DoritosN_61 y Rancheritos_58_2023_08_16_131831.png,2048,1536,DoritosN_61_F,673,403,1269,983
CCTV_DoritosN_61 y Rancheritos_58_2023_08_16_131831.png,2048,1536,Rancheritos_58_F,1279,162,1796,597
CCTV_DoritosN_61 y Rancheritos_58_2023_08_16_131835.png,2048,1536,DoritosN_61_F,737,399,1124,948
CCTV_DoritosN_61 y Rancheritos_58_2023_08_16_131835.png,2048,1536,Rancheritos_58_F,1398,152,1726,562
CCTV_DoritosN_61 y Rancheritos_58_2023_08_16_131839.png,2048,1536,DoritosN_61_F,608,381,1233,932
CCTV_DoritosN_61 y Rancheritos_58_2023_08_16_131839.png,2048,1536,Rancheritos_58_F,1282,160,1747,587
CCTV_DoritosN_61 y Rancheritos_58_2023_08_16_131843.png,2048,1536,DoritosN_61_F,630,511,1226,838
CCTV_DoritosN_61 y Rancheritos_58_2023_08_16_131843.png,2048,1536,Rancheritos_58_F,1257,175,1704,426
CCTV_DoritosN_61 y Rancheritos_58_2023_08_16_131846.png,2048,1536,DoritosN_61_F,653,356,1206,919
CCTV_DoritosN_61 y Rancheritos_58_2023_08_16_131846.png,2048,1536,Rancheritos_58_F,1296,142,1792,534
CCTV_DoritosN_61 y Rancheritos_58_2023_08_16_131859.png,2048,1536,Rancheritos_58_F,214,184,575,559
CCTV_DoritosN_61 y Rancheritos_58_2023_08_16_131859.png,2048,1536,DoritosN_61_F,1361,139,1692,531
CCTV_DoritosN_61 y Rancheritos_58_2023_08_16_131903.png,2048,1536,Rancheritos_58_F,214,131,673,547
CCTV_DoritosN_61 y Rancheritos_58_2023_08_16_131903.png,2048,1536,DoritosN_61_F,1243,149,1741,551
CCTV_DoritosN_61 y Rancheritos_58_2023_08_16_131907.png,2048,1536,Rancheritos_58_F,214,180,671,431
CCTV_DoritosN_61 y Rancheritos_58_2023_08_16_131907.png,2048,1536,DoritosN_61_F,1245,216,1735,506
CCTV_DoritosN_61 y Rancheritos_58_2023_08_16_131913.png,2048,1536,Rancheritos_58_F,304,116,690,518
CCTV_DoritosN_61 y Rancheritos_58_2023_08_16_131913.png,2048,1536,DoritosN_61_F,1259,161,1779,622
CCTV_DoritosN_61 y Rancheritos_58_2023_08_16_131917.png,2048,1536,Rancheritos_58_F,312,131,659,494
CCTV_DoritosN_61 y Rancheritos_58_2023_08_16_131917.png,2048,1536,DoritosN_61_F,1373,176,1686,637
CCTV_DoritosN_61 y Rancheritos_58_2023_08_16_131921.png,2048,1536,Rancheritos_58_F,243,137,706,551
CCTV_DoritosN_61 y Rancheritos_58_2023_08_16_131921.png,2048,1536,DoritosN_61_F,1257,165,1743,623
CCTV_DoritosN_61 y Rancheritos_58_2023_08_16_131926.png,2048,1536,Rancheritos_58_F,232,210,706,463
CCTV_DoritosN_61 y Rancheritos_58_2023_08_16_131926.png,2048,1536,DoritosN_61_F,1263,220,1771,500
CCTV_DoritosN_61 y Rancheritos_58_2023_08_16_131930.png,2048,1536,Rancheritos_58_F,306,141,686,529
CCTV_DoritosN_61 y Rancheritos_58_2023_08_16_131930.png,2048,1536,DoritosN_61_F,1259,173,1765,635
CCTV_DoritosN_61 y Rancheritos_58_2023_08_16_131955.png,2048,1536,DoritosN_61_F,251,249,749,510
CCTV_DoritosN_61 y Rancheritos_58_2023_08_16_131955.png,2048,1536,Rancheritos_58_F,32,967,530,1347
CCTV_DoritosN_61 y Rancheritos_58_2023_08_16_132005.png,2048,1536,DoritosN_61_F,283,174,743,600
CCTV_DoritosN_61 y Rancheritos_58_2023_08_16_132005.png,2048,1536,Rancheritos_58_F,59,814,530,1380
CCTV_DoritosN_61 y Rancheritos_58_2023_08_16_132142.png,2048,1536,DoritosN_61_F,149,790,506,1374
CCTV_DoritosN_61 y Rancheritos_58_2023_08_16_132142.png,2048,1536,Rancheritos_58_F,1396,831,1753,1384
CCTV_DoritosN_61 y Rancheritos_58_2023_08_16_132205.png,2048,1536,DoritosN_61_F,55,712,612,1300
CCTV_DoritosN_61 y Rancheritos_58_2023_08_16_132205.png,2048,1536,Rancheritos_58_F,1173,798,1747,1457
CCTV_DoritosN_61 y Rancheritos_58_2023_08_16_132209.png,2048,1536,DoritosN_61_F,90,865,606,1220
CCTV_DoritosN_61 y Rancheritos_58_2023_08_16_132209.png,2048,1536,Rancheritos_58_F,1253,953,1802,1357
CCTV_DoritosN_61 y Rancheritos_58_2023_08_16_132213.png,2048,1536,DoritosN_61_F,92,729,584,1343
CCTV_DoritosN_61 y Rancheritos_58_2023_08_16_132213.png,2048,1536,Rancheritos_58_F,1241,892,1841,1520
CCTV_DoritosN_61 y Rancheritos_58_2023_08_16_132217.png,2048,1536,DoritosN_61_F,126,743,510,1359
CCTV_DoritosN_61 y Rancheritos_58_2023_08_16_132217.png,2048,1536,Rancheritos_58_F,1351,880,1714,1457
CCTV_DoritosN_61 y Rancheritos_58_2023_08_16_132220.png,2048,1536,DoritosN_61_F,57,757,600,1282
CCTV_DoritosN_61 y Rancheritos_58_2023_08_16_132220.png,2048,1536,Rancheritos_58_F,1232,910,1857,1536
CCTV_DoritosN_61 y Rancheritos_58_2023_08_16_132224.png,2048,1536,DoritosN_61_F,59,847,583,1229
CCTV_DoritosN_61 y Rancheritos_58_2023_08_16_132224.png,2048,1536,Rancheritos_58_F,1310,1045,1851,1404
CCTV_DoritosN_61 y Rancheritos_58_2023_08_16_132346.png,2048,1536,Rancheritos_58_F,402,318,753,753
CCTV_DoritosN_61 y Rancheritos_58_2023_08_16_132346.png,2048,1536,DoritosN_61_F,1200,690,1673,1312
CCTV_DoritosN_61 y Rancheritos_58_2023_08_16_132349.png,2048,1536,Rancheritos_58_F,326,653,900,1180
CCTV_DoritosN_61 y Rancheritos_58_2023_08_16_132349.png,2048,1536,DoritosN_61_F,1188,402,1716,737
CCTV_DoritosN_61 y Rancheritos_58_2023_08_16_132359.png,2048,1536,Rancheritos_58_F,275,571,732,1169
CCTV_DoritosN_61 y Rancheritos_58_2023_08_16_132359.png,2048,1536,DoritosN_61_F,933,267,1473,759
CCTV_DoritosN_61 y Rancheritos_58_2023_08_16_132405.png,2048,1536,Rancheritos_58_F,416,767,761,1323
CCTV_DoritosN_61 y Rancheritos_58_2023_08_16_132405.png,2048,1536,DoritosN_61_F,818,182,1388,518
CCTV_DoritosN_61 y Rancheritos_58_2023_08_16_132410.png,2048,1536,Rancheritos_58_F,308,261,635,704
CCTV_DoritosN_61 y Rancheritos_58_2023_08_16_132410.png,2048,1536,DoritosN_61_F,951,500,1392,1059
CCTV_DoritosN_61 y Rancheritos_58_2023_08_16_132413.png,2048,1536,Rancheritos_58_F,269,241,610,633
CCTV_DoritosN_61 y Rancheritos_58_2023_08_16_132413.png,2048,1536,DoritosN_61_F,951,410,1361,931
CCTV_DoritosN_61 y Rancheritos_58_2023_08_16_132416.png,2048,1536,DoritosN_61_F,363,363,718,839
CCTV_DoritosN_61 y Rancheritos_58_2023_08_16_132416.png,2048,1536,Rancheritos_58_F,881,818,1283,1374
CCTV_Dori_Ran_Ruff_2023_08_16_133052.png,2048,1536,Rancheritos_58_F,449,581,788,1115
CCTV_Dori_Ran_Ruff_2023_08_16_133052.png,2048,1536,DoritosN_61_F,757,558,1090,1136
CCTV_Dori_Ran_Ruff_2023_08_16_133052.png,2048,1536,RufflesQ_48_F,1061,570,1406,1156
CCTV_Dori_Ran_Ruff_2023_08_16_133056.png,2048,1536,DoritosN_61_F,353,591,702,1142
CCTV_Dori_Ran_Ruff_2023_08_16_133056.png,2048,1536,RufflesQ_48_F,657,593,998,1170
CCTV_Dori_Ran_Ruff_2023_08_16_133056.png,2048,1536,Rancheritos_58_F,982,601,1322,1172
CCTV_Dori_Ran_Ruff_2023_08_16_133100.png,2048,1536,RufflesQ_48_F,492,634,863,1221
CCTV_Dori_Ran_Ruff_2023_08_16_133100.png,2048,1536,Rancheritos_58_F,853,634,1175,1221
CCTV_Dori_Ran_Ruff_2023_08_16_133100.png,2048,1536,DoritosN_61_F,1135,654,1492,1252
CCTV_Dori_Ran_Ruff_2023_08_16_133105.png,2048,1536,Rancheritos_58_F,526,638,906,1187
CCTV_Dori_Ran_Ruff_2023_08_16_133105.png,2048,1536,RufflesQ_48_F,828,681,1212,1268
CCTV_Dori_Ran_Ruff_2023_08_16_133105.png,2048,1536,DoritosN_61_F,1173,654,1506,1260
CCTV_Dori_Ran_Ruff_2023_08_16_133143.png,2048,1536,RufflesQ_48_F,459,719,828,1313
CCTV_Dori_Ran_Ruff_2023_08_16_133143.png,2048,1536,DoritosN_61_F,779,691,1145,1303
CCTV_Dori_Ran_Ruff_2023_08_16_133143.png,2048,1536,Rancheritos_58_F,1114,699,1479,1287
CCTV_Dori_Ran_Ruff_2023_08_16_133155.png,2048,1536,DoritosN_61_F,400,670,745,1272
CCTV_Dori_Ran_Ruff_2023_08_16_133155.png,2048,1536,Rancheritos_58_F,718,689,1084,1299
CCTV_Dori_Ran_Ruff_2023_08_16_133155.png,2048,1536,RufflesQ_48_F,1028,707,1414,1297
CCTV_Dori_Ran_Ruff_2023_08_16_133245.png,2048,1536,DoritosN_61_F,433,662,802,1254
CCTV_Dori_Ran_Ruff_2023_08_16_133245.png,2048,1536,Rancheritos_58_F,761,672,1110,1232
CCTV_Dori_Ran_Ruff_2023_08_16_133245.png,2048,1536,RufflesQ_48_F,1075,675,1465,1222
CCTV_Dori_Ran_Ruff_2023_08_16_133253.png,2048,1536,DoritosN_61_F,453,605,855,1193
CCTV_Dori_Ran_Ruff_2023_08_16_133253.png,2048,1536,Rancheritos_58_F,781,644,1126,1191
CCTV_Dori_Ran_Ruff_2023_08_16_133253.png,2048,1536,RufflesQ_48_F,1081,644,1445,1209
CCTV_Dori_Ran_Ruff_2023_08_16_133302.png,2048,1536,Rancheritos_58_F,592,393,1128,658
CCTV_Dori_Ran_Ruff_2023_08_16_133302.png,2048,1536,RufflesQ_48_F,551,634,1135,964
CCTV_Dori_Ran_Ruff_2023_08_16_133302.png,2048,1536,DoritosN_61_F,490,913,1116,1270
CCTV_Dori_Ran_Ruff_2023_08_16_133307.png,2048,1536,DoritosN_61_F,571,395,1126,664
CCTV_Dori_Ran_Ruff_2023_08_16_133307.png,2048,1536,RufflesQ_48_F,584,630,1157,958
CCTV_Dori_Ran_Ruff_2023_08_16_133307.png,2048,1536,Rancheritos_58_F,520,897,1120,1273
CCTV_Dori_Ran_Ruff_2023_08_16_133317.png,2048,1536,RufflesQ_48_F,657,362,1196,650
CCTV_Dori_Ran_Ruff_2023_08_16_133317.png,2048,1536,DoritosN_61_F,592,611,1177,928
CCTV_Dori_Ran_Ruff_2023_08_16_133317.png,2048,1536,Rancheritos_58_F,606,905,1184,1244
CCTV_Dori_Ran_Ruff_2023_08_16_133323.png,2048,1536,RufflesQ_48_F,679,375,1241,689
CCTV_Dori_Ran_Ruff_2023_08_16_133323.png,2048,1536,Rancheritos_58_F,614,644,1202,948
CCTV_Dori_Ran_Ruff_2023_08_16_133323.png,2048,1536,DoritosN_61_F,582,893,1198,1279
CCTV_Dori_Ran_Ruff_2023_08_16_133329.png,2048,1536,Rancheritos_58_F,688,352,1212,593
CCTV_Dori_Ran_Ruff_2023_08_16_133329.png,2048,1536,DoritosN_61_F,633,562,1204,899
CCTV_Dori_Ran_Ruff_2023_08_16_133329.png,2048,1536,RufflesQ_48_F,602,844,1216,1244
CCTV_Dori_Ran_Ruff_2023_08_16_133334.png,2048,1536,Rancheritos_58_F,720,362,1231,644
CCTV_Dori_Ran_Ruff_2023_08_16_133334.png,2048,1536,DoritosN_61_F,635,589,1228,905
CCTV_Dori_Ran_Ruff_2023_08_16_133334.png,2048,1536,RufflesQ_48_F,608,889,1208,1236
CCTV_Dori_Ran_Ruff_2023_08_16_133340.png,2048,1536,RufflesQ_48_F,477,540,843,1038
CCTV_Dori_Ran_Ruff_2023_08_16_133340.png,2048,1536,Rancheritos_58_F,224,687,549,1213
CCTV_Dori_Ran_Ruff_2023_08_16_133340.png,2048,1536,DoritosN_61_F,1,783,237,1352
CCTV_Dori_Ran_Ruff_2023_08_16_133345.png,2048,1536,RufflesQ_48_F,284,421,782,952
CCTV_Dori_Ran_Ruff_2023_08_16_133345.png,2048,1536,Rancheritos_58_F,139,666,669,1217
CCTV_Dori_Ran_Ruff_2023_08_16_133345.png,2048,1536,DoritosN_61_F,35,907,559,1495
CCTV_Dori_Ran_Ruff_2023_08_16_133436.png,2048,1536,DoritosN_61_F,396,29,826,400
CCTV_Dori_Ran_Ruff_2023_08_16_133436.png,2048,1536,RufflesQ_48_F,286,173,751,637
CCTV_Dori_Ran_Ruff_2023_08_16_133436.png,2048,1536,Rancheritos_58_F,163,388,586,894
CCTV_Dori_Ran_Ruff_2023_08_16_133450.png,2048,1536,Rancheritos_58_F,124,471,614,743
CCTV_Dori_Ran_Ruff_2023_08_16_133450.png,2048,1536,RufflesQ_48_F,216,245,663,492
CCTV_Dori_Ran_Ruff_2023_08_16_133450.png,2048,1536,DoritosN_61_F,267,84,683,290
CCTV_Dori_Ran_Ruff_2023_08_16_133500.png,2048,1536,Rancheritos_58_F,826,178,1171,584
CCTV_Dori_Ran_Ruff_2023_08_16_133500.png,2048,1536,DoritosN_61_F,1061,174,1433,596
CCTV_Dori_Ran_Ruff_2023_08_16_133500.png,2048,1536,RufflesQ_48_F,1349,178,1714,580
CCTV_Dori_Ran_Ruff_2023_08_16_133507.png,2048,1536,Rancheritos_58_F,949,339,1545,782
CCTV_Dori_Ran_Ruff_2023_08_16_133507.png,2048,1536,DoritosN_61_F,1120,176,1667,608
CCTV_Dori_Ran_Ruff_2023_08_16_133507.png,2048,1536,RufflesQ_48_F,1284,69,1747,422
CCTV_Dori_Ran_Ruff_2023_08_16_133510.png,2048,1536,RufflesQ_48_F,1126,90,1571,343
CCTV_Dori_Ran_Ruff_2023_08_16_133510.png,2048,1536,DoritosN_61_F,1122,241,1620,523
CCTV_Dori_Ran_Ruff_2023_08_16_133510.png,2048,1536,Rancheritos_58_F,1100,459,1612,763
CCTV_Dori_Ran_Ruff_2023_08_16_133513.png,2048,1536,RufflesQ_48_F,916,90,1390,557
CCTV_Dori_Ran_Ruff_2023_08_16_133513.png,2048,1536,DoritosN_61_F,1132,159,1598,649
CCTV_Dori_Ran_Ruff_2023_08_16_133513.png,2048,1536,Rancheritos_58_F,1343,327,1796,812
CCTV_Dori_Ran_Ruff_2023_08_16_133516.png,2048,1536,RufflesQ_48_F,939,196,1273,612
CCTV_Dori_Ran_Ruff_2023_08_16_133516.png,2048,1536,DoritosN_61_F,1183,176,1528,588
CCTV_Dori_Ran_Ruff_2023_08_16_133516.png,2048,1536,Rancheritos_58_F,1441,210,1808,612
CCTV_Dori_Ran_Ruff_2023_08_16_133519.png,2048,1536,RufflesQ_48_F,869,274,1473,769
CCTV_Dori_Ran_Ruff_2023_08_16_133519.png,2048,1536,DoritosN_61_F,1067,157,1608,574
CCTV_Dori_Ran_Ruff_2023_08_16_133519.png,2048,1536,Rancheritos_58_F,1277,88,1771,476
CCTV_Dori_Ran_Ruff_2023_08_16_133522.png,2048,1536,Rancheritos_58_F,1096,53,1535,288
CCTV_Dori_Ran_Ruff_2023_08_16_133522.png,2048,1536,DoritosN_61_F,1059,233,1583,459
CCTV_Dori_Ran_Ruff_2023_08_16_133522.png,2048,1536,RufflesQ_48_F,1112,427,1667,722
CCTV_Dori_Ran_Ruff_2023_08_16_133525.png,2048,1536,Rancheritos_58_F,920,20,1406,408
CCTV_Dori_Ran_Ruff_2023_08_16_133525.png,2048,1536,DoritosN_61_F,1071,169,1573,600
CCTV_Dori_Ran_Ruff_2023_08_16_133525.png,2048,1536,RufflesQ_48_F,1324,280,1792,735
CCTV_Dori_Ran_Ruff_2023_08_16_133531.png,2048,1536,Rancheritos_58_F,1049,116,1381,490
CCTV_Dori_Ran_Ruff_2023_08_16_133531.png,2048,1536,DoritosN_61_F,971,437,1347,955
CCTV_Dori_Ran_Ruff_2023_08_16_133531.png,2048,1536,RufflesQ_48_F,879,892,1320,1522
CCTV_Dori_Ran_Ruff_2023_08_16_133538.png,2048,1536,RufflesQ_48_F,879,153,1194,580
CCTV_Dori_Ran_Ruff_2023_08_16_133538.png,2048,1536,DoritosN_61_F,802,514,1171,1043
CCTV_Dori_Ran_Ruff_2023_08_16_133538.png,2048,1536,Rancheritos_58_F,708,980,1326,1357
CCTV_Dori_Ran_Ruff_2023_08_16_133542.png,2048,1536,Rancheritos_58_F,320,598,833,933
CCTV_Dori_Ran_Ruff_2023_08_16_133542.png,2048,1536,DoritosN_61_F,767,531,1122,1053
CCTV_Dori_Ran_Ruff_2023_08_16_133542.png,2048,1536,RufflesQ_48_F,1041,567,1614,914
CCTV_Dori_Ran_Ruff_2023_08_16_133547.png,2048,1536,Rancheritos_58_F,314,549,826,869
CCTV_Dori_Ran_Ruff_2023_08_16_133547.png,2048,1536,DoritosN_61_F,728,443,1108,955
CCTV_Dori_Ran_Ruff_2023_08_16_133547.png,2048,1536,RufflesQ_48_F,1030,520,1588,884
CCTV_Dori_Ran_Ruff_2023_08_16_133602.png,2048,1536,Rancheritos_58_F,45,718,573,1276
CCTV_Dori_Ran_Ruff_2023_08_16_133602.png,2048,1536,DoritosN_61_F,251,555,794,1118
CCTV_Dori_Ran_Ruff_2023_08_16_133602.png,2048,1536,RufflesQ_48_F,457,388,1035,931
CCTV_Dori_Ran_Ruff_2023_08_16_133605.png,2048,1536,RufflesQ_48_F,808,331,1355,627
CCTV_Dori_Ran_Ruff_2023_08_16_133605.png,2048,1536,DoritosN_61_F,800,504,1424,916
CCTV_Dori_Ran_Ruff_2023_08_16_133605.png,2048,1536,Rancheritos_58_F,871,723,1524,1180
CCTV_Dori_Ran_Ruff_2023_08_16_133608.png,2048,1536,RufflesQ_48_F,814,229,1239,729
CCTV_Dori_Ran_Ruff_2023_08_16_133608.png,2048,1536,DoritosN_61_F,1135,274,1467,753
CCTV_Dori_Ran_Ruff_2023_08_16_133608.png,2048,1536,Rancheritos_58_F,1420,345,1753,769
CCTV_Dori_Ran_Ruff_2023_08_16_133611.png,2048,1536,RufflesQ_48_F,386,269,830,765
CCTV_Dori_Ran_Ruff_2023_08_16_133611.png,2048,1536,DoritosN_61_F,612,159,1081,673
CCTV_Dori_Ran_Ruff_2023_08_16_133611.png,2048,1536,Rancheritos_58_F,837,127,1300,555
CCTV_Dori_Ran_Ruff_2023_08_16_133624.png,2048,1536,RufflesQ_48_F,94,1049,618,1463
CCTV_Dori_Ran_Ruff_2023_08_16_133624.png,2048,1536,DoritosN_61_F,149,782,655,1129
CCTV_Dori_Ran_Ruff_2023_08_16_133624.png,2048,1536,Rancheritos_58_F,188,527,669,845
CCTV_Dori_Ran_Ruff_2023_08_16_133629.png,2048,1536,Rancheritos_58_F,965,569,1586,1016
CCTV_Dori_Ran_Ruff_2023_08_16_133629.png,2048,1536,DoritosN_61_F,910,835,1563,1325
CCTV_Dori_Ran_Ruff_2023_08_16_133629.png,2048,1536,RufflesQ_48_F,792,1108,1432,1536
CCTV_Dori_Ran_Ruff_2023_08_16_133633.png,2048,1536,Rancheritos_58_F,922,410,1435,686
CCTV_Dori_Ran_Ruff_2023_08_16_133633.png,2048,1536,DoritosN_61_F,967,616,1559,947
CCTV_Dori_Ran_Ruff_2023_08_16_133633.png,2048,1536,RufflesQ_48_F,957,871,1604,1288
CCTV_Dori_Ran_Ruff_2023_08_16_133637.png,2048,1536,RufflesQ_48_F,553,482,1177,1057
CCTV_Dori_Ran_Ruff_2023_08_16_133637.png,2048,1536,DoritosN_61_F,830,247,1361,751
CCTV_Dori_Ran_Ruff_2023_08_16_133637.png,2048,1536,Rancheritos_58_F,1228,241,1567,651
CCTV_Dori_Ran_Ruff_2023_08_16_133641.png,2048,1536,RufflesQ_48_F,332,241,802,729
CCTV_Dori_Ran_Ruff_2023_08_16_133641.png,2048,1536,DoritosN_61_F,583,178,1086,678
CCTV_Dori_Ran_Ruff_2023_08_16_133641.png,2048,1536,Rancheritos_58_F,726,71,1230,461
CCTV_Dori_Ran_Ruff_2023_08_16_133645.png,2048,1536,DoritosN_61_F,302,273,639,718
CCTV_Dori_Ran_Ruff_2023_08_16_133645.png,2048,1536,RufflesQ_48_F,165,671,677,1008
CCTV_Dori_Ran_Ruff_2023_08_16_133645.png,2048,1536,Rancheritos_58_F,294,133,751,361
CCTV_Dori_Ran_Ruff_2023_08_16_133649.png,2048,1536,RufflesQ_48_F,30,533,516,1031
CCTV_Dori_Ran_Ruff_2023_08_16_133649.png,2048,1536,DoritosN_61_F,296,473,871,974
CCTV_Dori_Ran_Ruff_2023_08_16_133649.png,2048,1536,Rancheritos_58_F,569,365,1163,869
CCTV_Dori_Ran_Ruff_2023_08_16_133653.png,2048,1536,RufflesQ_48_F,86,716,614,1249
CCTV_Dori_Ran_Ruff_2023_08_16_133653.png,2048,1536,DoritosN_61_F,473,478,1049,998
CCTV_Dori_Ran_Ruff_2023_08_16_133653.png,2048,1536,Rancheritos_58_F,847,241,1402,751
CCTV_Dori_Ran_Ruff_2023_08_16_133702.png,2048,1536,Rancheritos_58_F,373,286,910,731
CCTV_Dori_Ran_Ruff_2023_08_16_133702.png,2048,1536,DoritosN_61_F,683,496,1288,1057
CCTV_Dori_Ran_Ruff_2023_08_16_133702.png,2048,1536,RufflesQ_48_F,1059,782,1702,1406
CCTV_Dori_Ran_Ruff_2023_08_16_133706.png,2048,1536,Rancheritos_58_F,218,723,802,1341
CCTV_Dori_Ran_Ruff_2023_08_16_133706.png,2048,1536,DoritosN_61_F,588,465,1224,990
CCTV_Dori_Ran_Ruff_2023_08_16_133706.png,2048,1536,RufflesQ_48_F,990,233,1537,649
CCTV_Dori_Ran_Ruff_2023_08_16_133717.png,2048,1536,RufflesQ_48_F,255,237,749,643
CCTV_Dori_Ran_Ruff_2023_08_16_133717.png,2048,1536,DoritosN_61_F,541,447,1141,1037
CCTV_Dori_Ran_Ruff_2023_08_16_133717.png,2048,1536,Rancheritos_58_F,945,725,1571,1306
CCTV_Dori_Ran_Ruff_2023_08_16_133746.png,2048,1536,Rancheritos_58_F,551,245,1043,504
CCTV_Dori_Ran_Ruff_2023_08_16_133746.png,2048,1536,DoritosN_61_F,481,402,1004,986
CCTV_Dori_Ran_Ruff_2023_08_16_133746.png,2048,1536,RufflesQ_48_F,345,871,965,1329
CCTV_Dori_Ran_Ruff_2023_08_16_133757.png,2048,1536,DoritosN_61_F,257,710,851,1273
CCTV_Dori_Ran_Ruff_2023_08_16_133757.png,2048,1536,Rancheritos_58_F,412,500,1022,1006
CCTV_Dori_Ran_Ruff_2023_08_16_133757.png,2048,1536,RufflesQ_48_F,632,320,1198,812
CCTV_Dori_Ran_Ruff_2023_08_16_133800.png,2048,1536,RufflesQ_48_F,855,218,1441,629
CCTV_Dori_Ran_Ruff_2023_08_16_133800.png,2048,1536,Rancheritos_58_F,932,445,1518,808
CCTV_Dori_Ran_Ruff_2023_08_16_133800.png,2048,1536,DoritosN_61_F,1081,594,1712,1065
CCTV_Dori_Ran_Ruff_2023_08_16_151658.png,2048,1536,Rancheritos_58_F,14,684,453,1247
CCTV_Dori_Ran_Ruff_2023_08_16_151658.png,2048,1536,DoritosN_61_F,222,537,716,1114
CCTV_Dori_Ran_Ruff_2023_08_16_151658.png,2048,1536,RufflesQ_48_F,688,267,1218,563
CCTV_Dori_Ran_Ruff_2023_08_16_151703.png,2048,1536,Rancheritos_58_F,1055,606,1659,1204
CCTV_Dori_Ran_Ruff_2023_08_16_151703.png,2048,1536,DoritosN_61_F,1300,471,1859,1027
CCTV_Dori_Ran_Ruff_2023_08_16_151703.png,2048,1536,RufflesQ_48_F,455,335,830,847
CCTV_Dori_Ran_Ruff_2023_08_16_151707.png,2048,1536,DoritosN_61_F,610,239,1141,496
CCTV_Dori_Ran_Ruff_2023_08_16_151707.png,2048,1536,Rancheritos_58_F,586,463,1143,757
CCTV_Dori_Ran_Ruff_2023_08_16_151707.png,2048,1536,RufflesQ_48_F,553,741,1153,1080
CCTV_Dori_Ran_Ruff_2023_08_16_151712.png,2048,1536,Rancheritos_58_F,528,243,906,684
CCTV_Dori_Ran_Ruff_2023_08_16_151712.png,2048,1536,DoritosN_61_F,818,241,1167,710
CCTV_Dori_Ran_Ruff_2023_08_16_151712.png,2048,1536,RufflesQ_48_F,522,665,1126,1014
CCTV_Dori_Ran_Ruff_2023_08_16_151720.png,2048,1536,RufflesQ_48_F,196,261,698,635
CCTV_Dori_Ran_Ruff_2023_08_16_151720.png,2048,1536,Rancheritos_58_F,633,653,1032,1222
CCTV_Dori_Ran_Ruff_2023_08_16_151720.png,2048,1536,DoritosN_61_F,949,647,1335,1245
CCTV_Dori_Ran_Ruff_2023_08_16_151743.png,2048,1536,Rancheritos_58_F,375,327,881,592
CCTV_Dori_Ran_Ruff_2023_08_16_151743.png,2048,1536,DoritosN_61_F,306,561,853,869
CCTV_Dori_Ran_Ruff_2023_08_16_151743.png,2048,1536,RufflesQ_48_F,1171,102,1635,398
CCTV_Dori_Ran_Ruff_2023_08_16_151746.png,2048,1536,RufflesQ_48_F,212,229,590,653
CCTV_Dori_Ran_Ruff_2023_08_16_151746.png,2048,1536,DoritosN_61_F,310,802,935,1445
CCTV_Dori_Ran_Ruff_2023_08_16_151746.png,2048,1536,Rancheritos_58_F,512,620,1122,1194
CCTV_Dori_Ran_Ruff_2023_08_16_151751.png,2048,1536,RufflesQ_48_F,1,690,345,1235
CCTV_Dori_Ran_Ruff_2023_08_16_151751.png,2048,1536,Rancheritos_58_F,559,374,1130,794
CCTV_Dori_Ran_Ruff_2023_08_16_151751.png,2048,1536,DoritosN_61_F,620,590,1263,1086
CCTV_Dori_Ran_Ruff_2023_08_16_151754.png,2048,1536,Rancheritos_58_F,555,255,1110,773
CCTV_Dori_Ran_Ruff_2023_08_16_151754.png,2048,1536,DoritosN_61_F,732,373,1320,939
CCTV_Dori_Ran_Ruff_2023_08_16_151754.png,2048,1536,RufflesQ_48_F,1079,822,1737,1402
CCTV_Dori_Ran_Ruff_2023_08_16_151803.png,2048,1536,Rancheritos_58_F,296,637,632,1159
CCTV_Dori_Ran_Ruff_2023_08_16_151803.png,2048,1536,DoritosN_61_F,602,663,951,1227
CCTV_Dori_Ran_Ruff_2023_08_16_151803.png,2048,1536,RufflesQ_48_F,741,182,1241,418
CCTV_Dori_Ran_Ruff_2023_08_16_151814.png,2048,1536,RufflesQ_48_F,249,612,845,1143
CCTV_Dori_Ran_Ruff_2023_08_16_151814.png,2048,1536,Rancheritos_58_F,555,318,1096,876
CCTV_Dori_Ran_Ruff_2023_08_16_151814.png,2048,1536,DoritosN_61_F,459,137,933,586
CCTV_Dori_Ran_Ruff_2023_08_16_151827.png,2048,1536,Rancheritos_58_F,926,680,1304,1263
CCTV_Dori_Ran_Ruff_2023_08_16_151827.png,2048,1536,DoritosN_61_F,1247,696,1612,1294
CCTV_Dori_Ran_Ruff_2023_08_16_151827.png,2048,1536,RufflesQ_48_F,802,110,1355,480
CCTV_Dori_Ran_Ruff_2023_08_16_151832.png,2048,1536,RufflesQ_48_F,245,606,677,1182
CCTV_Dori_Ran_Ruff_2023_08_16_151832.png,2048,1536,Rancheritos_58_F,1090,374,1588,643
CCTV_Dori_Ran_Ruff_2023_08_16_151832.png,2048,1536,DoritosN_61_F,1122,614,1700,937
CCTV_Dori_Ran_Ruff_2023_08_16_151837.png,2048,1536,RufflesQ_48_F,1,506,384,1018
CCTV_Dori_Ran_Ruff_2023_08_16_151837.png,2048,1536,DoritosN_61_F,749,273,1116,723
CCTV_Dori_Ran_Ruff_2023_08_16_151837.png,2048,1536,Rancheritos_58_F,1049,290,1381,731
CCTV_Dori_Ran_Ruff_2023_08_16_151844.png,2048,1536,DoritosN_61_F,545,416,1126,706
CCTV_Dori_Ran_Ruff_2023_08_16_151844.png,2048,1536,Rancheritos_58_F,484,661,1086,1029
CCTV_Dori_Ran_Ruff_2023_08_16_151844.png,2048,1536,RufflesQ_48_F,1020,520,1400,1057
CCTV_Dori_Ran_Ruff_2023_08_16_151848.png,2048,1536,RufflesQ_48_F,602,465,1135,767
CCTV_Dori_Ran_Ruff_2023_08_16_151848.png,2048,1536,DoritosN_61_F,512,663,1120,1053
CCTV_Dori_Ran_Ruff_2023_08_16_151848.png,2048,1536,Rancheritos_58_F,496,971,1122,1363
CCTV_Dori_Ran_Ruff_2023_08_16_151858.png,2048,1536,DoritosN_61_F,384,535,714,1074
CCTV_Dori_Ran_Ruff_2023_08_16_151858.png,2048,1536,Rancheritos_58_F,645,553,1037,1106
CCTV_Dori_Ran_Ruff_2023_08_16_151858.png,2048,1536,RufflesQ_48_F,967,594,1543,967
CCTV_Dori_Ran_Ruff_2023_08_16_151902.png,2048,1536,DoritosN_61_F,443,884,1049,1251
CCTV_Dori_Ran_Ruff_2023_08_16_151902.png,2048,1536,Rancheritos_58_F,520,588,1055,929
CCTV_Dori_Ran_Ruff_2023_08_16_151902.png,2048,1536,RufflesQ_48_F,1020,582,1428,1135
CCTV_Dori_Ran_Ruff_2023_08_16_151912.png,2048,1536,RufflesQ_48_F,298,894,943,1514
CCTV_Dori_Ran_Ruff_2023_08_16_151912.png,2048,1536,DoritosN_61_F,449,498,1051,1123
CCTV_Dori_Ran_Ruff_2023_08_16_151912.png,2048,1536,Rancheritos_58_F,688,674,1310,1308
CCTV_FritosLyS_65_F_2023_08_17_180041.png,2048,1536,FritosSalLimon_65_F,861,568,1188,1103
CCTV_FritosLyS_65_F_2023_08_17_180045.png,2048,1536,FritosSalLimon_65_F,788,548,1326,1144
CCTV_FritosLyS_65_F_2023_08_17_180047.png,2048,1536,FritosSalLimon_65_F,765,632,1345,944
CCTV_FritosLyS_65_F_2023_08_17_180050.png,2048,1536,FritosSalLimon_65_F,763,511,1357,1075
CCTV_FritosLyS_65_F_2023_08_17_180053.png,2048,1536,FritosSalLimon_65_F,884,517,1214,1048
CCTV_FritosLyS_65_F_2023_08_17_180056.png,2048,1536,FritosSalLimon_65_F,763,485,1333,1054
CCTV_FritosLyS_65_F_2023_08_17_180059.png,2048,1536,FritosSalLimon_65_F,733,615,1296,909
CCTV_FritosLyS_65_F_2023_08_17_180102.png,2048,1536,FritosSalLimon_65_F,726,515,1308,1085
CCTV_FritosLyS_65_F_2023_08_17_180105.png,2048,1536,FritosSalLimon_65_F,1322,117,1610,497
CCTV_FritosLyS_65_F_2023_08_17_180108.png,2048,1536,FritosSalLimon_65_F,1208,97,1698,483
CCTV_FritosLyS_65_F_2023_08_17_180111.png,2048,1536,FritosSalLimon_65_F,1245,162,1710,403
CCTV_FritosLyS_65_F_2023_08_17_180114.png,2048,1536,FritosSalLimon_65_F,1282,132,1737,497
CCTV_FritosLyS_65_F_2023_08_17_180117.png,2048,1536,FritosSalLimon_65_F,1377,111,1653,485
CCTV_FritosLyS_65_F_2023_08_17_180120.png,2048,1536,FritosSalLimon_65_F,1269,101,1757,471
CCTV_FritosLyS_65_F_2023_08_17_180123.png,2048,1536,FritosSalLimon_65_F,1263,158,1728,383
CCTV_FritosLyS_65_F_2023_08_17_180126.png,2048,1536,FritosSalLimon_65_F,1290,97,1684,487
CCTV_FritosLyS_65_F_2023_08_17_180132.png,2048,1536,FritosSalLimon_65_F,369,122,661,494
CCTV_FritosLyS_65_F_2023_08_17_180134.png,2048,1536,FritosSalLimon_65_F,351,122,769,494
CCTV_FritosLyS_65_F_2023_08_17_180137.png,2048,1536,FritosSalLimon_65_F,304,171,755,394
CCTV_FritosLyS_65_F_2023_08_17_180139.png,2048,1536,FritosSalLimon_65_F,316,110,775,500
CCTV_FritosLyS_65_F_2023_08_17_180141.png,2048,1536,FritosSalLimon_65_F,394,96,704,457
CCTV_FritosLyS_65_F_2023_08_17_180144.png,2048,1536,FritosSalLimon_65_F,328,114,763,467
CCTV_FritosLyS_65_F_2023_08_17_180146.png,2048,1536,FritosSalLimon_65_F,306,169,759,378
CCTV_FritosLyS_65_F_2023_08_17_180149.png,2048,1536,FritosSalLimon_65_F,290,100,747,492
CCTV_FritosLyS_65_F_2023_08_17_180153.png,2048,1536,FritosSalLimon_65_F,141,784,463,1333
CCTV_FritosLyS_65_F_2023_08_17_180212.png,2048,1536,FritosSalLimon_65_F,81,800,588,1357
CCTV_FritosLyS_65_F_2023_08_17_180219.png,2048,1536,FritosSalLimon_65_F,1394,837,1698,1404
CCTV_FritosLyS_65_F_2023_08_17_180222.png,2048,1536,FritosSalLimon_65_F,1259,802,1830,1404
CCTV_FritosLyS_65_F_2023_08_17_180225.png,2048,1536,FritosSalLimon_65_F,1296,912,1851,1220
CCTV_FritosLyS_65_F_2023_08_17_180228.png,2048,1536,FritosSalLimon_65_F,1300,778,1855,1376
CCTV_FritosLyS_65_F_2023_08_17_180230.png,2048,1536,FritosSalLimon_65_F,1504,780,1808,1323
CCTV_FritosLyS_65_F_2023_08_17_180233.png,2048,1536,FritosSalLimon_65_F,1367,731,1906,1322
CCTV_FritosLyS_65_F_2023_08_17_180237.png,2048,1536,FritosSalLimon_65_F,1357,884,1888,1198
CCTV_FritosLyS_65_F_2023_08_17_180240.png,2048,1536,FritosSalLimon_65_F,1377,737,1875,1335
CCTV_FritosLyS_65_F_2023_08_17_180259.png,2048,1536,FritosSalLimon_65_F,835,696,1190,1247
CCTV_FritosLyS_65_F_2023_08_17_180302.png,2048,1536,FritosSalLimon_65_F,759,337,1290,818
CCTV_FritosLyS_65_F_2023_08_17_180307.png,2048,1536,FritosSalLimon_65_F,296,706,784,1292
CCTV_FritosLyS_65_F_2023_08_17_180309.png,2048,1536,FritosSalLimon_65_F,753,745,1361,1378
CCTV_FritosLyS_65_F_2023_08_17_180317.png,2048,1536,FritosSalLimon_65_F,157,816,647,1365
CCTV_FritosLyS_65_F_2023_08_17_180322.png,2048,1536,FritosSalLimon_65_F,1022,925,1606,1533
CCTV_Ruffles_48_F_2023_08_16_131233.png,2048,1536,RufflesQ_48_F,763,607,1157,1193
CCTV_Ruffles_48_F_2023_08_16_131241.png,2048,1536,RufflesQ_48_F,628,619,1292,1232
CCTV_Ruffles_48_F_2023_08_16_131244.png,2048,1536,RufflesQ_48_F,694,726,1298,1064
CCTV_Ruffles_48_F_2023_08_16_131246.png,2048,1536,RufflesQ_48_F,686,573,1328,1199
CCTV_Ruffles_48_F_2023_08_16_131249.png,2048,1536,RufflesQ_48_F,759,617,1139,1189
CCTV_Ruffles_48_F_2023_08_16_131252.png,2048,1536,RufflesQ_48_F,649,603,1314,1226
CCTV_Ruffles_48_F_2023_08_16_131255.png,2048,1536,RufflesQ_48_F,700,734,1310,1097
CCTV_Ruffles_48_F_2023_08_16_131258.png,2048,1536,RufflesQ_48_F,698,599,1353,1252
CCTV_Ruffles_48_F_2023_08_16_131308.png,2048,1536,RufflesQ_48_F,1406,826,1751,1411
CCTV_Ruffles_48_F_2023_08_16_131311.png,2048,1536,RufflesQ_48_F,1251,822,1873,1454
CCTV_Ruffles_48_F_2023_08_16_131314.png,2048,1536,RufflesQ_48_F,1279,913,1886,1342
CCTV_Ruffles_48_F_2023_08_16_131317.png,2048,1536,RufflesQ_48_F,1261,809,1869,1440
CCTV_Ruffles_48_F_2023_08_16_131320.png,2048,1536,RufflesQ_48_F,1430,830,1794,1422
CCTV_Ruffles_48_F_2023_08_16_131324.png,2048,1536,RufflesQ_48_F,1341,856,1926,1495
CCTV_Ruffles_48_F_2023_08_16_131327.png,2048,1536,RufflesQ_48_F,1347,891,1894,1256
CCTV_Ruffles_48_F_2023_08_16_131330.png,2048,1536,RufflesQ_48_F,1330,766,1910,1426
CCTV_Ruffles_48_F_2023_08_16_131334.png,2048,1536,RufflesQ_48_F,1277,229,1610,649
CCTV_Ruffles_48_F_2023_08_16_131338.png,2048,1536,RufflesQ_48_F,1155,194,1675,627
CCTV_Ruffles_48_F_2023_08_16_131341.png,2048,1536,RufflesQ_48_F,1173,198,1688,445
CCTV_Ruffles_48_F_2023_08_16_131345.png,2048,1536,RufflesQ_48_F,1161,116,1681,537
CCTV_Ruffles_48_F_2023_08_16_131348.png,2048,1536,RufflesQ_48_F,1288,135,1624,537
CCTV_Ruffles_48_F_2023_08_16_131351.png,2048,1536,RufflesQ_48_F,1216,112,1663,553
CCTV_Ruffles_48_F_2023_08_16_131355.png,2048,1536,RufflesQ_48_F,1196,157,1692,410
CCTV_Ruffles_48_F_2023_08_16_131359.png,2048,1536,RufflesQ_48_F,1228,94,1743,535
CCTV_Ruffles_48_F_2023_08_16_131404.png,2048,1536,RufflesQ_48_F,243,165,622,553
CCTV_Ruffles_48_F_2023_08_16_131407.png,2048,1536,RufflesQ_48_F,163,178,655,565
CCTV_Ruffles_48_F_2023_08_16_131409.png,2048,1536,RufflesQ_48_F,220,261,694,498
CCTV_Ruffles_48_F_2023_08_16_131412.png,2048,1536,RufflesQ_48_F,251,171,688,598
CCTV_Ruffles_48_F_2023_08_16_131414.png,2048,1536,RufflesQ_48_F,247,202,614,618
CCTV_Ruffles_48_F_2023_08_16_131417.png,2048,1536,RufflesQ_48_F,165,196,677,649
CCTV_Ruffles_48_F_2023_08_16_131420.png,2048,1536,RufflesQ_48_F,186,278,647,547
CCTV_Ruffles_48_F_2023_08_16_131422.png,2048,1536,RufflesQ_48_F,233,210,630,678
CCTV_Ruffles_48_F_2023_08_16_131427.png,2048,1536,RufflesQ_48_F,141,814,496,1384
CCTV_Ruffles_48_F_2023_08_16_131429.png,2048,1536,RufflesQ_48_F,69,829,632,1418
CCTV_Ruffles_48_F_2023_08_16_131454.png,2048,1536,RufflesQ_48_F,406,880,1090,1447
CCTV_Ruffles_48_F_2023_08_16_131457.png,2048,1536,RufflesQ_48_F,671,429,1241,1049
CCTV_Ruffles_48_F_2023_08_16_131459.png,2048,1536,RufflesQ_48_F,428,447,971,955
CCTV_Ruffles_48_F_2023_08_16_131502.png,2048,1536,RufflesQ_48_F,210,471,743,959
CCTV_Ruffles_48_F_2023_08_16_131504.png,2048,1536,RufflesQ_48_F,347,441,953,1006
CCTV_Ruffles_48_F_2023_08_16_131506.png,2048,1536,RufflesQ_48_F,630,153,1132,602
CCTV_Sabritas 3T_2023_08_14_103912.png,2048,1536,Sabritas_45_F,243,524,598,1040
CCTV_Sabritas 3T_2023_08_14_103912.png,2048,1536,Sabritas_160_F,502,389,1102,1168
CCTV_Sabritas 3T_2023_08_14_103912.png,2048,1536,Sabritas_64_F,1026,509,1459,1162
CCTV_Sabritas 3T_2023_08_14_103917.png,2048,1536,Sabritas_64_F,553,250,1155,556
CCTV_Sabritas 3T_2023_08_14_103917.png,2048,1536,Sabritas_160_F,408,501,1206,1017
CCTV_Sabritas 3T_2023_08_14_103917.png,2048,1536,Sabritas_45_F,553,975,1163,1317
CCTV_Sabritas 3T_2023_08_14_103925.png,2048,1536,Sabritas_64_F,284,407,737,1001
CCTV_Sabritas 3T_2023_08_14_103925.png,2048,1536,Sabritas_160_F,633,383,1208,1164
CCTV_Sabritas 3T_2023_08_14_103925.png,2048,1536,Sabritas_45_F,1159,499,1500,1007
CCTV_Sabritas 3T_2023_08_14_103930.png,2048,1536,Sabritas_45_F,704,211,1206,438
CCTV_Sabritas 3T_2023_08_14_103930.png,2048,1536,Sabritas_160_F,577,395,1384,897
CCTV_Sabritas 3T_2023_08_14_103930.png,2048,1536,Sabritas_64_F,537,860,1253,1248
CCTV_Sabritas 3T_2023_08_14_103934.png,2048,1536,Sabritas_45_F,451,221,979,607
CCTV_Sabritas 3T_2023_08_14_103934.png,2048,1536,Sabritas_160_F,520,317,1424,989
CCTV_Sabritas 3T_2023_08_14_103934.png,2048,1536,Sabritas_64_F,835,632,1588,1334
CCTV_Sabritas 3T_2023_08_14_103938.png,2048,1536,Sabritas_45_F,363,572,920,1189
CCTV_Sabritas 3T_2023_08_14_103938.png,2048,1536,Sabritas_160_F,510,244,1328,1024
CCTV_Sabritas 3T_2023_08_14_103938.png,2048,1536,Sabritas_64_F,957,156,1588,740
CCTV_Sabritas 3T_2023_08_14_103942.png,2048,1536,Sabritas_64_F,335,195,967,756
CCTV_Sabritas 3T_2023_08_14_103942.png,2048,1536,Sabritas_160_F,490,322,1388,1162
CCTV_Sabritas 3T_2023_08_14_103942.png,2048,1536,Sabritas_45_F,920,648,1530,1281
CCTV_Sabritas 3T_2023_08_14_103946.png,2048,1536,Sabritas_64_F,355,489,922,1173
CCTV_Sabritas 3T_2023_08_14_103946.png,2048,1536,Sabritas_160_F,612,240,1422,1050
CCTV_Sabritas 3T_2023_08_14_103946.png,2048,1536,Sabritas_45_F,1096,266,1590,766
CCTV_Sabritas 3T_2023_08_14_155133.png,2048,1536,Sabritas_160_F,320,421,922,1166
CCTV_Sabritas 3T_2023_08_14_155133.png,2048,1536,Sabritas_64_F,879,472,1267,1105
CCTV_Sabritas 3T_2023_08_14_155133.png,2048,1536,Sabritas_45_F,1245,564,1588,1099
CCTV_Sabritas 3T_2023_08_14_155137.png,2048,1536,Sabritas_160_F,386,426,977,1158
CCTV_Sabritas 3T_2023_08_14_155137.png,2048,1536,Sabritas_64_F,928,454,1267,1075
CCTV_Sabritas 3T_2023_08_14_155137.png,2048,1536,Sabritas_45_F,1175,572,1514,1113
CCTV_Sabritas 3T_2023_08_14_155139.png,2048,1536,Sabritas_160_F,379,421,975,1158
CCTV_Sabritas 3T_2023_08_14_155139.png,2048,1536,Sabritas_64_F,922,458,1312,1085
CCTV_Sabritas 3T_2023_08_14_155139.png,2048,1536,Sabritas_45_F,1235,587,1584,1126
CCTV_Sabritas 3T_2023_08_14_155144.png,2048,1536,Sabritas_160_F,302,434,1184,1273
CCTV_Sabritas 3T_2023_08_14_155144.png,2048,1536,Sabritas_64_F,735,315,1377,954
CCTV_Sabritas 3T_2023_08_14_155144.png,2048,1536,Sabritas_45_F,1059,291,1573,834
CCTV_Sabritas 3T_2023_08_14_155148.png,2048,1536,Sabritas_160_F,453,689,1300,1270
CCTV_Sabritas 3T_2023_08_14_155148.png,2048,1536,Sabritas_64_F,573,434,1216,738
CCTV_Sabritas 3T_2023_08_14_155148.png,2048,1536,Sabritas_45_F,731,279,1249,503
CCTV_Sabritas 3T_2023_08_14_155151.png,2048,1536,Sabritas_45_F,463,248,1024,613
CCTV_Sabritas 3T_2023_08_14_155151.png,2048,1536,Sabritas_64_F,459,379,1122,924
CCTV_Sabritas 3T_2023_08_14_155151.png,2048,1536,Sabritas_160_F,524,556,1516,1413
CCTV_Sabritas 3T_2023_08_14_155155.png,2048,1536,Sabritas_45_F,418,407,728,903
CCTV_Sabritas 3T_2023_08_14_155155.png,2048,1536,Sabritas_64_F,669,379,984,1017
CCTV_Sabritas 3T_2023_08_14_155155.png,2048,1536,Sabritas_160_F,963,354,1496,1117
CCTV_Sabritas 3T_2023_08_14_155158.png,2048,1536,Sabritas_45_F,326,409,628,887
CCTV_Sabritas 3T_2023_08_14_155158.png,2048,1536,Sabritas_64_F,635,401,971,1032
CCTV_Sabritas 3T_2023_08_14_155158.png,2048,1536,Sabritas_160_F,928,362,1492,1126
CCTV_Sabritas 3T_2023_08_14_155201.png,2048,1536,Sabritas_64_F,479,453,1190,1059
CCTV_Sabritas 3T_2023_08_14_155201.png,2048,1536,Sabritas_160_F,708,186,1584,955
CCTV_Sabritas 3T_2023_08_14_155201.png,2048,1536,Sabritas_45_F,294,641,877,1249
CCTV_Sabritas 3T_2023_08_14_155204.png,2048,1536,Sabritas_160_F,598,204,1359,678
CCTV_Sabritas 3T_2023_08_14_155204.png,2048,1536,Sabritas_64_F,590,623,1267,973
CCTV_Sabritas 3T_2023_08_14_155204.png,2048,1536,Sabritas_45_F,539,945,1173,1308
CCTV_Sabritas 3T_2023_08_14_155208.png,2048,1536,Sabritas_160_F,349,176,1212,943
CCTV_Sabritas 3T_2023_08_14_155208.png,2048,1536,Sabritas_64_F,669,474,1379,1122
CCTV_Sabritas 3T_2023_08_14_155208.png,2048,1536,Sabritas_45_F,937,692,1557,1320
CCTV_Sabritas 3T_2023_08_14_155220.png,2048,1536,Sabritas_64_F,432,382,865,963
CCTV_Sabritas 3T_2023_08_14_155220.png,2048,1536,Sabritas_45_F,733,457,1090,976
CCTV_Sabritas 3T_2023_08_14_155220.png,2048,1536,Sabritas_160_F,984,361,1584,1094
CCTV_Sabritas 3T_2023_08_14_155223.png,2048,1536,Sabritas_64_F,632,390,1102,1008
CCTV_Sabritas 3T_2023_08_14_155223.png,2048,1536,Sabritas_45_F,965,488,1261,980
CCTV_Sabritas 3T_2023_08_14_155223.png,2048,1536,Sabritas_160_F,1116,341,1651,1116
CCTV_Sabritas 3T_2023_08_14_155227.png,2048,1536,Sabritas_64_F,579,398,1077,1033
CCTV_Sabritas 3T_2023_08_14_155227.png,2048,1536,Sabritas_45_F,975,490,1339,1035
CCTV_Sabritas 3T_2023_08_14_155227.png,2048,1536,Sabritas_160_F,1249,380,1806,1110
CCTV_Sabritas 3T_2023_08_14_155230.png,2048,1536,Sabritas_64_F,535,567,1302,1292
CCTV_Sabritas 3T_2023_08_14_155230.png,2048,1536,Sabritas_45_F,855,473,1465,1041
CCTV_Sabritas 3T_2023_08_14_155230.png,2048,1536,Sabritas_160_F,908,198,1749,886
CCTV_Sabritas 3T_2023_08_14_155234.png,2048,1536,Sabritas_64_F,671,747,1408,1233
CCTV_Sabritas 3T_2023_08_14_155234.png,2048,1536,Sabritas_45_F,853,588,1432,927
CCTV_Sabritas 3T_2023_08_14_155234.png,2048,1536,Sabritas_160_F,781,245,1532,641
CCTV_Sabritas 3T_2023_08_14_155237.png,2048,1536,Sabritas_64_F,624,827,1379,1343
CCTV_Sabritas 3T_2023_08_14_155237.png,2048,1536,Sabritas_45_F,816,565,1383,912
CCTV_Sabritas 3T_2023_08_14_155237.png,2048,1536,Sabritas_160_F,763,212,1510,641
CCTV_Sabritas 3T_2023_08_14_155240.png,2048,1536,Sabritas_160_F,463,157,1333,865
CCTV_Sabritas 3T_2023_08_14_155240.png,2048,1536,Sabritas_45_F,763,463,1367,1018
CCTV_Sabritas 3T_2023_08_14_155240.png,2048,1536,Sabritas_64_F,932,592,1661,1310
CCTV_Sabritas 3T_2023_08_14_155243.png,2048,1536,Sabritas_160_F,451,241,1141,984
CCTV_Sabritas 3T_2023_08_14_155243.png,2048,1536,Sabritas_45_F,928,443,1322,1008
CCTV_Sabritas 3T_2023_08_14_155243.png,2048,1536,Sabritas_64_F,1235,429,1639,1047
CCTV_Sabritas 3T_2023_08_14_155246.png,2048,1536,Sabritas_160_F,451,294,1290,1196
CCTV_Sabritas 3T_2023_08_14_155246.png,2048,1536,Sabritas_45_F,910,359,1432,882
CCTV_Sabritas 3T_2023_08_14_155246.png,2048,1536,Sabritas_64_F,1090,182,1690,755
CCTV_Sabritas 3T_2023_08_14_155249.png,2048,1536,Sabritas_160_F,571,518,1430,1186
CCTV_Sabritas 3T_2023_08_14_155249.png,2048,1536,Sabritas_45_F,816,422,1379,665
CCTV_Sabritas 3T_2023_08_14_155249.png,2048,1536,Sabritas_64_F,820,161,1459,563
CCTV_Sabritas 3T_2023_08_14_155252.png,2048,1536,Sabritas_64_F,514,194,1175,774
CCTV_Sabritas 3T_2023_08_14_155252.png,2048,1536,Sabritas_45_F,751,369,1269,837
CCTV_Sabritas 3T_2023_08_14_155252.png,2048,1536,Sabritas_160_F,775,374,1661,1314
CCTV_Sabritas 3T_2023_08_14_155257.png,2048,1536,Sabritas_64_F,408,412,902,1041
CCTV_Sabritas 3T_2023_08_14_155257.png,2048,1536,Sabritas_45_F,767,471,1088,1043
CCTV_Sabritas 3T_2023_08_14_155257.png,2048,1536,Sabritas_160_F,986,390,1577,1163
CCTV_Sabritas 3T_2023_08_14_155307.png,2048,1536,Sabritas_45_F,416,459,816,982
CCTV_Sabritas 3T_2023_08_14_155307.png,2048,1536,Sabritas_64_F,690,427,1157,1069
CCTV_Sabritas 3T_2023_08_14_155307.png,2048,1536,Sabritas_160_F,959,373,1573,1176
CCTV_Sabritas 3T_2023_08_14_155310.png,2048,1536,Sabritas_45_F,402,655,988,1276
CCTV_Sabritas 3T_2023_08_14_155310.png,2048,1536,Sabritas_64_F,610,465,1298,1131
CCTV_Sabritas 3T_2023_08_14_155310.png,2048,1536,Sabritas_160_F,845,231,1718,1004
CCTV_Sabritas 3T_2023_08_14_155313.png,2048,1536,Sabritas_160_F,684,210,1522,773
CCTV_Sabritas 3T_2023_08_14_155313.png,2048,1536,Sabritas_64_F,665,565,1353,1002
CCTV_Sabritas 3T_2023_08_14_155313.png,2048,1536,Sabritas_45_F,657,894,1290,1290
CCTV_Sabritas 3T_2023_08_14_155315.png,2048,1536,Sabritas_160_F,524,171,1390,873
CCTV_Sabritas 3T_2023_08_14_155315.png,2048,1536,Sabritas_64_F,716,506,1475,1114
CCTV_Sabritas 3T_2023_08_14_155315.png,2048,1536,Sabritas_45_F,969,757,1624,1335
CCTV_Sabritas 3T_2023_08_14_155330.png,2048,1536,Sabritas_160_F,733,596,1581,1202
CCTV_Sabritas 3T_2023_08_14_155330.png,2048,1536,Sabritas_64_F,890,390,1506,700
CCTV_Sabritas 3T_2023_08_14_155330.png,2048,1536,Sabritas_45_F,939,231,1492,478
CCTV_Sabritas 3T_2023_08_14_155333.png,2048,1536,Sabritas_160_F,863,490,1794,1349
CCTV_Sabritas 3T_2023_08_14_155333.png,2048,1536,Sabritas_64_F,802,314,1473,857
CCTV_Sabritas 3T_2023_08_14_155333.png,2048,1536,Sabritas_45_F,720,198,1269,631
CCTV_Sabritas 3T_2023_08_14_155336.png,2048,1536,Sabritas_45_F,649,327,1116,859
CCTV_Sabritas 3T_2023_08_14_155336.png,2048,1536,Sabritas_64_F,822,353,1377,1039
CCTV_Sabritas 3T_2023_08_14_155336.png,2048,1536,Sabritas_160_F,1041,414,1800,1306
CCTV_Sabritas 3T_2023_08_14_155339.png,2048,1536,Sabritas_45_F,461,700,918,1327
CCTV_Sabritas 3T_2023_08_14_155339.png,2048,1536,Sabritas_64_F,730,592,1294,1274
CCTV_Sabritas 3T_2023_08_14_155339.png,2048,1536,Sabritas_160_F,1026,420,1802,1274
CCTV_Sabritas 3T_2023_08_14_155342.png,2048,1536,Sabritas_45_F,394,778,959,1443
CCTV_Sabritas 3T_2023_08_14_155342.png,2048,1536,Sabritas_64_F,620,606,1188,1349
CCTV_Sabritas 3T_2023_08_14_155342.png,2048,1536,Sabritas_160_F,875,429,1683,1278
CCTV_Sabritas 3T_2023_08_14_155417.png,2048,1536,Sabritas_64_F,332,427,783,1025
CCTV_Sabritas 3T_2023_08_14_155417.png,2048,1536,Sabritas_160_F,577,378,1235,1157
CCTV_Sabritas 3T_2023_08_14_155417.png,2048,1536,Sabritas_45_F,1128,473,1473,1045
CCTV_Sabritas 3T_2023_08_14_155421.png,2048,1536,Sabritas_64_F,392,588,1043,1261
CCTV_Sabritas 3T_2023_08_14_155421.png,2048,1536,Sabritas_160_F,598,339,1473,1171
CCTV_Sabritas 3T_2023_08_14_155421.png,2048,1536,Sabritas_45_F,1032,327,1586,814
CCTV_Sabritas 3T_2023_08_14_155424.png,2048,1536,Sabritas_64_F,512,741,1292,1288
CCTV_Sabritas 3T_2023_08_14_155424.png,2048,1536,Sabritas_160_F,588,345,1481,1035
CCTV_Sabritas 3T_2023_08_14_155424.png,2048,1536,Sabritas_45_F,833,294,1396,588
CCTV_Sabritas 3T_2023_08_14_155427.png,2048,1536,Sabritas_64_F,530,747,1308,1312
CCTV_Sabritas 3T_2023_08_14_155427.png,2048,1536,Sabritas_160_F,575,361,1486,1031
CCTV_Sabritas 3T_2023_08_14_155427.png,2048,1536,Sabritas_45_F,883,204,1432,569
CCTV_Sabritas 3T_2023_08_14_155430.png,2048,1536,Sabritas_45_F,733,231,1247,486
CCTV_Sabritas 3T_2023_08_14_155430.png,2048,1536,Sabritas_160_F,649,390,1449,957
CCTV_Sabritas 3T_2023_08_14_155430.png,2048,1536,Sabritas_64_F,733,784,1467,1263
CCTV_Sabritas 3T_2023_08_14_155433.png,2048,1536,Sabritas_45_F,512,231,1090,669
CCTV_Sabritas 3T_2023_08_14_155433.png,2048,1536,Sabritas_160_F,559,304,1479,1098
CCTV_Sabritas 3T_2023_08_14_155433.png,2048,1536,Sabritas_64_F,867,623,1639,1314
CCTV_Sabritas 3T_2023_08_14_155436.png,2048,1536,Sabritas_45_F,430,359,922,886
CCTV_Sabritas 3T_2023_08_14_155436.png,2048,1536,Sabritas_160_F,618,300,1418,1149
CCTV_Sabritas 3T_2023_08_14_155436.png,2048,1536,Sabritas_64_F,1126,512,1675,1196
CCTV_Sabritas 3T_2023_08_14_155439.png,2048,1536,Sabritas_45_F,483,508,828,1022
CCTV_Sabritas 3T_2023_08_14_155439.png,2048,1536,Sabritas_160_F,726,345,1328,1080
CCTV_Sabritas 3T_2023_08_14_155439.png,2048,1536,Sabritas_64_F,1228,425,1663,1022
CCTV_Sabritas 3T_2023_08_14_155442.png,2048,1536,Sabritas_45_F,473,580,1000,1204
CCTV_Sabritas 3T_2023_08_14_155442.png,2048,1536,Sabritas_160_F,633,294,1496,1092
CCTV_Sabritas 3T_2023_08_14_155442.png,2048,1536,Sabritas_64_F,1090,271,1690,845
CCTV_Sabritas 3T_2023_08_14_155445.png,2048,1536,Sabritas_45_F,551,700,1206,1298
CCTV_Sabritas 3T_2023_08_14_155445.png,2048,1536,Sabritas_160_F,600,296,1512,1069
CCTV_Sabritas 3T_2023_08_14_155445.png,2048,1536,Sabritas_64_F,935,184,1584,651
CCTV_Sabritas 3T_2023_08_14_155448.png,2048,1536,Sabritas_64_F,833,204,1420,502
CCTV_Sabritas 3T_2023_08_14_155448.png,2048,1536,Sabritas_160_F,659,376,1475,955
CCTV_Sabritas 3T_2023_08_14_155448.png,2048,1536,Sabritas_45_F,800,841,1414,1204
CCTV_Sabritas 3T_2023_08_14_155450.png,2048,1536,Sabritas_64_F,826,200,1426,492
CCTV_Sabritas 3T_2023_08_14_155450.png,2048,1536,Sabritas_160_F,632,392,1467,969
CCTV_Sabritas 3T_2023_08_14_155450.png,2048,1536,Sabritas_45_F,808,869,1428,1223
CCTV_Sabritas 3T_2023_08_14_155454.png,2048,1536,Sabritas_64_F,524,169,1155,716
CCTV_Sabritas 3T_2023_08_14_155454.png,2048,1536,Sabritas_160_F,639,282,1547,1129
CCTV_Sabritas 3T_2023_08_14_155454.png,2048,1536,Sabritas_45_F,1147,592,1704,1186
CCTV_Sabritas 3T_2023_08_14_155457.png,2048,1536,Sabritas_64_F,459,365,902,947
CCTV_Sabritas 3T_2023_08_14_155457.png,2048,1536,Sabritas_160_F,759,308,1400,1071
CCTV_Sabritas 3T_2023_08_14_155457.png,2048,1536,Sabritas_45_F,1328,457,1710,1004
CCTV_Sabritas 3T_2023_08_14_155606.png,2048,1536,Sabritas_160_F,688,539,1594,1518
CCTV_Sabritas 3T_2023_08_14_155606.png,2048,1536,Sabritas_64_F,657,304,1320,723
CCTV_Sabritas 3T_2023_08_14_155606.png,2048,1536,Sabritas_45_F,1081,92,1598,457
CCTV_Sabritas 3T_2023_08_14_155612.png,2048,1536,Sabritas_160_F,492,1,1228,404
CCTV_Sabritas 3T_2023_08_14_155612.png,2048,1536,Sabritas_64_F,312,547,961,874
CCTV_Sabritas 3T_2023_08_14_155612.png,2048,1536,Sabritas_45_F,926,1012,1549,1418
CCTV_Sabritas 3T_2023_08_14_155616.png,2048,1536,Sabritas_64_F,210,237,649,722
CCTV_Sabritas 3T_2023_08_14_155616.png,2048,1536,Sabritas_160_F,996,96,1769,559
CCTV_Sabritas 3T_2023_08_14_155616.png,2048,1536,Sabritas_45_F,1312,865,1684,1453
CCTV_Sabritas 3T_2023_08_14_155622.png,2048,1536,Sabritas_45_F,224,322,692,816
CCTV_Sabritas 3T_2023_08_14_155622.png,2048,1536,Sabritas_64_F,479,604,1245,1276
CCTV_Sabritas 3T_2023_08_14_155622.png,2048,1536,Sabritas_160_F,1179,210,1749,920
CCTV_Sabritas 3T_2023_08_14_155625.png,2048,1536,Sabritas_64_F,275,139,832,720
CCTV_Sabritas 3T_2023_08_14_155625.png,2048,1536,Sabritas_45_F,837,133,1253,522
CCTV_Sabritas 3T_2023_08_14_155625.png,2048,1536,Sabritas_160_F,467,510,1335,1433
CCTV_Sabritas 3T_2023_08_14_155629.png,2048,1536,Sabritas_64_F,341,255,741,792
CCTV_Sabritas 3T_2023_08_14_155629.png,2048,1536,Sabritas_160_F,861,422,1596,1318
CCTV_Sabritas 3T_2023_08_14_155629.png,2048,1536,Sabritas_45_F,888,129,1200,529
CCTV_Sabritas 3T_2023_08_14_155633.png,2048,1536,Sabritas_160_F,237,304,784,1018
CCTV_Sabritas 3T_2023_08_14_155633.png,2048,1536,Sabritas_64_F,712,310,1355,1031
CCTV_Sabritas 3T_2023_08_14_155633.png,2048,1536,Sabritas_45_F,628,147,1171,474
CCTV_Sabritas 3T_2023_08_14_155637.png,2048,1536,Sabritas_160_F,463,271,1108,996
CCTV_Sabritas 3T_2023_08_14_155637.png,2048,1536,Sabritas_64_F,1012,329,1418,961
CCTV_Sabritas 3T_2023_08_14_155637.png,2048,1536,Sabritas_45_F,1402,418,1769,912
CCTV_Sabritas 3T_2023_08_14_155643.png,2048,1536,Sabritas_64_F,869,237,1312,749
CCTV_Sabritas 3T_2023_08_14_155643.png,2048,1536,Sabritas_160_F,1147,688,1949,1251
CCTV_Sabritas 3T_2023_08_14_155643.png,2048,1536,Sabritas_45_F,1261,298,1714,751
CCTV_Sabritas 3T_2023_08_14_155646.png,2048,1536,Sabritas_64_F,904,247,1302,733
CCTV_Sabritas 3T_2023_08_14_155646.png,2048,1536,Sabritas_160_F,1145,678,1961,1263
CCTV_Sabritas 3T_2023_08_14_155646.png,2048,1536,Sabritas_45_F,1273,298,1712,741
CCTV_Sabritas 3T_2023_08_14_155650.png,2048,1536,Sabritas_64_F,210,290,657,810
CCTV_Sabritas 3T_2023_08_14_155650.png,2048,1536,Sabritas_160_F,106,743,918,1325
CCTV_Sabritas 3T_2023_08_14_155650.png,2048,1536,Sabritas_45_F,616,290,1004,796
CCTV_Sabritas 3T_2023_08_14_155701.png,2048,1536,Sabritas_160_F,361,314,961,1053
CCTV_Sabritas 3T_2023_08_14_155701.png,2048,1536,Sabritas_64_F,830,412,1253,1000
CCTV_Sabritas 3T_2023_08_14_155701.png,2048,1536,Sabritas_45_F,1161,496,1557,1023
CCTV_Sabritas 3T_2023_08_14_184631.png,2048,1536,Sabritas_45_F,704,773,1088,1374
CCTV_Sabritas 3T_2023_08_14_185024.png,2048,1536,Sabritas_160_F,249,465,883,1302
CCTV_Sabritas 3T_2023_08_14_185024.png,2048,1536,Sabritas_45_F,765,629,1149,1210
CCTV_Sabritas 3T_2023_08_14_185024.png,2048,1536,Sabritas_64_F,1069,596,1537,1243
CCTV_Sabritas 3T_2023_08_14_185620.png,2048,1536,Sabritas_45_F,365,647,784,1218
CCTV_Sabritas 3T_2023_08_14_185620.png,2048,1536,Sabritas_64_F,753,604,1220,1296
CCTV_Sabritas 3T_2023_08_14_185620.png,2048,1536,Sabritas_160_F,1183,533,1751,1339
CCTV_Sabritas_160_F_2023_08_11_163913.png,2048,1536,Sabritas_160_F,622,436,1241,1268
CCTV_Sabritas_160_F_2023_08_11_163916.png,2048,1536,Sabritas_160_F,492,397,1467,1240
CCTV_Sabritas_160_F_2023_08_11_163919.png,2048,1536,Sabritas_160_F,577,495,1455,1036
CCTV_Sabritas_160_F_2023_08_11_163921.png,2048,1536,Sabritas_160_F,569,356,1516,1209
CCTV_Sabritas_160_F_2023_08_11_163923.png,2048,1536,Sabritas_160_F,857,358,1420,1134
CCTV_Sabritas_160_F_2023_08_11_163926.png,2048,1536,Sabritas_160_F,747,324,1602,1205
CCTV_Sabritas_160_F_2023_08_11_163928.png,2048,1536,Sabritas_160_F,804,499,1635,1024
CCTV_Sabritas_160_F_2023_08_11_163933.png,2048,1536,Sabritas_160_F,637,315,1577,1189
CCTV_Sabritas_160_F_2023_08_11_163936.png,2048,1536,Sabritas_160_F,1188,75,1726,650
CCTV_Sabritas_160_F_2023_08_11_163939.png,2048,1536,Sabritas_160_F,982,62,1704,679
CCTV_Sabritas_160_F_2023_08_11_163941.png,2048,1536,Sabritas_160_F,1059,75,1735,497
CCTV_Sabritas_160_F_2023_08_11_163944.png,2048,1536,Sabritas_160_F,1004,11,1749,624
CCTV_Sabritas_160_F_2023_08_11_163946.png,2048,1536,Sabritas_160_F,1155,38,1714,577
CCTV_Sabritas_160_F_2023_08_11_163949.png,2048,1536,Sabritas_160_F,1039,22,1739,589
CCTV_Sabritas_160_F_2023_08_11_163952.png,2048,1536,Sabritas_160_F,1055,58,1730,497
CCTV_Sabritas_160_F_2023_08_11_163954.png,2048,1536,Sabritas_160_F,1086,22,1800,630
CCTV_Sabritas_160_F_2023_08_11_163958.png,2048,1536,Sabritas_160_F,290,14,830,543
CCTV_Sabritas_160_F_2023_08_11_164001.png,2048,1536,Sabritas_160_F,132,18,900,633
CCTV_Sabritas_160_F_2023_08_11_164003.png,2048,1536,Sabritas_160_F,114,120,879,510
CCTV_Sabritas_160_F_2023_08_11_164005.png,2048,1536,Sabritas_160_F,165,23,928,633
CCTV_Sabritas_160_F_2023_08_11_164007.png,2048,1536,Sabritas_160_F,179,49,757,616
CCTV_Sabritas_160_F_2023_08_11_164009.png,2048,1536,Sabritas_160_F,143,8,941,659
CCTV_Sabritas_160_F_2023_08_11_164011.png,2048,1536,Sabritas_160_F,149,94,900,486
CCTV_Sabritas_160_F_2023_08_11_164021.png,2048,1536,Sabritas_160_F,2,490,804,1357
CCTV_Sabritas_160_F_2023_08_11_164023.png,2048,1536,Sabritas_160_F,1,661,822,1278
CCTV_Sabritas_160_F_2023_08_11_164025.png,2048,1536,Sabritas_160_F,4,529,853,1465
CCTV_Sabritas_160_F_2023_08_11_164027.png,2048,1536,Sabritas_160_F,71,559,692,1418
CCTV_Sabritas_160_F_2023_08_11_164029.png,2048,1536,Sabritas_160_F,2,494,847,1414
CCTV_Sabritas_160_F_2023_08_11_164031.png,2048,1536,Sabritas_160_F,1,651,830,1286
CCTV_Sabritas_160_F_2023_08_11_164043.png,2048,1536,Sabritas_160_F,1179,618,1979,1508
CCTV_Sabritas_160_F_2023_08_11_164045.png,2048,1536,Sabritas_160_F,1373,623,1847,1429
CCTV_Sabritas_160_F_2023_08_11_164047.png,2048,1536,Sabritas_160_F,1281,612,1992,1465
CCTV_Sabritas_160_F_2023_08_11_164049.png,2048,1536,Sabritas_160_F,1077,643,1884,1331
CCTV_Sabritas_160_F_2023_08_11_164051.png,2048,1536,Sabritas_160_F,1145,596,1957,1494
CCTV_Sabritas_160_F_2023_08_11_164135.png,2048,1536,Sabritas_160_F,553,249,1422,1045
CCTV_Sabritas_160_F_2023_08_11_164138.png,2048,1536,Sabritas_160_F,153,251,886,1059
CCTV_Sabritas_160_F_2023_08_11_164140.png,2048,1536,Sabritas_160_F,230,145,1016,714
CCTV_Sabritas_160_F_2023_08_11_164159.png,2048,1536,Sabritas_160_F,620,563,1518,1535
CCTV_Sabritas_160_F_2023_08_11_164201.png,2048,1536,Sabritas_160_F,714,147,1465,794
CCTV_Sabritas_160_F_2023_08_11_164203.png,2048,1536,Sabritas_160_F,510,12,1286,731
CCTV_Sabritas_45_F_2023_08_11_163500.png,2048,1536,Sabritas_45_F,1186,275,1543,705
CCTV_Sabritas_45_F_2023_08_11_163502.png,2048,1536,Sabritas_45_F,1096,266,1600,726
CCTV_Sabritas_45_F_2023_08_11_163505.png,2048,1536,Sabritas_45_F,1124,305,1626,613
CCTV_Sabritas_45_F_2023_08_11_163507.png,2048,1536,Sabritas_45_F,1155,236,1665,707
CCTV_Sabritas_45_F_2023_08_11_163509.png,2048,1536,Sabritas_45_F,1318,234,1633,668
CCTV_Sabritas_45_F_2023_08_11_163512.png,2048,1536,Sabritas_45_F,1257,240,1712,683
CCTV_Sabritas_45_F_2023_08_11_163514.png,2048,1536,Sabritas_45_F,1247,317,1751,577
CCTV_Sabritas_45_F_2023_08_11_163517.png,2048,1536,Sabritas_45_F,1271,232,1757,679
CCTV_Sabritas_45_F_2023_08_11_163521.png,2048,1536,Sabritas_45_F,404,221,777,638
CCTV_Sabritas_45_F_2023_08_11_163524.png,2048,1536,Sabritas_45_F,281,195,826,650
CCTV_Sabritas_45_F_2023_08_11_163526.png,2048,1536,Sabritas_45_F,314,277,818,526
CCTV_Sabritas_45_F_2023_08_11_163528.png,2048,1536,Sabritas_45_F,320,183,843,640
CCTV_Sabritas_45_F_2023_08_11_163530.png,2048,1536,Sabritas_45_F,379,193,745,613
CCTV_Sabritas_45_F_2023_08_11_163532.png,2048,1536,Sabritas_45_F,300,160,847,615
CCTV_Sabritas_45_F_2023_08_11_163534.png,2048,1536,Sabritas_45_F,341,260,847,513
CCTV_Sabritas_45_F_2023_08_11_163536.png,2048,1536,Sabritas_45_F,369,142,863,609
CCTV_Sabritas_45_F_2023_08_11_163540.png,2048,1536,Sabritas_45_F,171,692,532,1253
CCTV_Sabritas_45_F_2023_08_11_163542.png,2048,1536,Sabritas_45_F,79,678,679,1263
CCTV_Sabritas_45_F_2023_08_11_163544.png,2048,1536,Sabritas_45_F,77,816,612,1176
CCTV_Sabritas_45_F_2023_08_11_163546.png,2048,1536,Sabritas_45_F,86,688,635,1339
CCTV_Sabritas_45_F_2023_08_11_163548.png,2048,1536,Sabritas_45_F,147,720,506,1271
CCTV_Sabritas_45_F_2023_08_11_163550.png,2048,1536,Sabritas_45_F,77,671,694,1267
CCTV_Sabritas_45_F_2023_08_11_163552.png,2048,1536,Sabritas_45_F,112,794,667,1143
CCTV_Sabritas_45_F_2023_08_11_163601.png,2048,1536,Sabritas_45_F,806,404,1153,900
CCTV_Sabritas_45_F_2023_08_11_163603.png,2048,1536,Sabritas_45_F,673,410,1300,939
CCTV_Sabritas_45_F_2023_08_11_163607.png,2048,1536,Sabritas_45_F,761,365,1328,923
CCTV_Sabritas_45_F_2023_08_11_163609.png,2048,1536,Sabritas_45_F,869,380,1222,871
CCTV_Sabritas_45_F_2023_08_11_163614.png,2048,1536,Sabritas_45_F,835,453,1386,749
CCTV_Sabritas_45_F_2023_08_11_163616.png,2048,1536,Sabritas_45_F,849,355,1424,912
CCTV_Sabritas_45_F_2023_08_11_163619.png,2048,1536,Sabritas_45_F,241,680,855,1290
CCTV_Sabritas_45_F_2023_08_11_163625.png,2048,1536,Sabritas_45_F,1106,690,1732,1188
CCTV_Sabritas_45_F_2023_08_11_163628.png,2048,1536,Sabritas_45_F,592,625,1218,1200
CCTV_Sabritas_45_F_2023_08_11_163639.png,2048,1536,Sabritas_45_F,1257,945,1788,1536
CCTV_Sabritas_45_F_2023_08_11_163642.png,2048,1536,Sabritas_45_F,561,663,1196,1245
CCTV_Sabritas_45_F_2023_08_11_163646.png,2048,1536,Sabritas_45_F,4,722,396,1296
CCTV_Sabritas_45_F_2023_08_11_163648.png,2048,1536,Sabritas_45_F,722,629,1104,1176
CCTV_Sabritas_45_F_2023_08_11_163649.png,2048,1536,Sabritas_45_F,1371,494,1804,994
CCTV_Sabritas_45_F_2023_08_11_163652.png,2048,1536,Sabritas_45_F,675,159,1153,631
CCTV_Sabritas_45_F_2023_08_11_163812.png,2048,1536,Sabritas_45_F,1383,729,1755,1263
CCTV_Sabritas_45_F_2023_08_11_163817.png,2048,1536,Sabritas_45_F,1314,833,1843,1178
CCTV_Sabritas_64_F_2023_08_11_161629.png,2048,1536,Sabritas_64_F,918,409,1335,993
CCTV_Sabritas_64_F_2023_08_11_161634.png,2048,1536,Sabritas_64_F,488,356,906,940
CCTV_Sabritas_64_F_2023_08_11_161638.png,2048,1536,Sabritas_64_F,549,726,1243,1242
CCTV_Sabritas_64_F_2023_08_11_161641.png,2048,1536,Sabritas_64_F,849,324,1335,956
CCTV_Sabritas_64_F_2023_08_11_161645.png,2048,1536,Sabritas_64_F,335,168,957,564
CCTV_Sabritas_64_F_2023_08_11_161649.png,2048,1536,Sabritas_64_F,800,911,1520,1385
CCTV_Sabritas_64_F_2023_08_11_161652.png,2048,1536,Sabritas_64_F,796,601,1310,1324
CCTV_Sabritas_64_F_2023_08_11_161654.png,2048,1536,Sabritas_64_F,969,550,1384,1207
CCTV_Sabritas_64_F_2023_08_11_161657.png,2048,1536,Sabritas_64_F,830,493,1249,1140
CCTV_Sabritas_64_F_2023_08_11_161701.png,2048,1536,Sabritas_64_F,877,236,1333,770
CCTV_Sabritas_64_F_2023_08_11_161704.png,2048,1536,Sabritas_64_F,484,668,1281,1358
CCTV_Sabritas_64_F_2023_08_11_161710.png,2048,1536,Sabritas_64_F,1263,364,1645,954
CCTV_Sabritas_64_F_2023_08_11_161712.png,2048,1536,Sabritas_64_F,508,548,920,1230
CCTV_Sabritas_64_F_2023_08_11_161717.png,2048,1536,Sabritas_64_F,918,217,1543,775
CCTV_Sabritas_64_F_2023_08_11_161719.png,2048,1536,Sabritas_64_F,833,68,1447,497
CCTV_Sabritas_64_F_2023_08_11_161723.png,2048,1536,Sabritas_64_F,486,1146,1226,1536
CCTV_Sabritas_64_F_2023_08_11_161727.png,2048,1536,Sabritas_64_F,1110,725,1775,1455
CCTV_Sabritas_64_F_2023_08_11_161731.png,2048,1536,Sabritas_64_F,312,416,679,1069
CCTV_Sabritas_64_F_2023_08_11_161734.png,2048,1536,Sabritas_64_F,953,527,1632,1210
CCTV_Sabritas_64_F_2023_08_11_161736.png,2048,1536,Sabritas_64_F,504,374,1163,1043
CCTV_Sabritas_64_F_2023_08_11_161738.png,2048,1536,Sabritas_64_F,665,131,1186,645
CCTV_Sabritas_64_F_2023_08_11_161740.png,2048,1536,Sabritas_64_F,202,451,777,1127
CCTV_Sabritas_64_F_2023_08_11_161742.png,2048,1536,Sabritas_64_F,765,502,1483,1159
CCTV_Sabritas_64_F_2023_08_11_161745.png,2048,1536,Sabritas_64_F,1400,243,1739,778
CCTV_Sabritas_64_F_2023_08_11_161748.png,2048,1536,Sabritas_64_F,1255,600,1665,1253
CCTV_Sabritas_64_F_2023_08_11_161750.png,2048,1536,Sabritas_64_F,1159,827,1779,1536
CCTV_Sabritas_64_F_2023_08_11_161813.png,2048,1536,Sabritas_64_F,928,402,1612,969
CCTV_Sabritas_64_F_2023_08_11_161818.png,2048,1536,Sabritas_64_F,657,163,1241,490
CCTV_Sabritas_64_F_2023_08_11_161820.png,2048,1536,Sabritas_64_F,912,157,1524,669
CCTV_Sabritas_64_F_2023_08_11_161824.png,2048,1536,Sabritas_64_F,1335,359,1869,922
CCTV_Sabritas_64_F_2023_08_11_161828.png,2048,1536,Sabritas_64_F,1457,639,1816,1265
CCTV_Sabritas_64_F_2023_08_11_161839.png,2048,1536,Sabritas_64_F,837,576,1477,1284
CCTV_Sabritas_64_F_2023_08_11_161841.png,2048,1536,Sabritas_64_F,749,92,1373,533
CCTV_Sabritas_64_F_2023_08_11_161843.png,2048,1536,Sabritas_64_F,357,873,1118,1536
CCTV_Sabritas_64_F_2023_08_11_161847.png,2048,1536,Sabritas_64_F,212,796,767,1514
CCTV_Sabritas_64_F_2023_08_11_161852.png,2048,1536,Sabritas_64_F,516,867,1292,1449
CCTV_Sabritas_64_F_2023_08_11_161854.png,2048,1536,Sabritas_64_F,716,912,1484,1502
CCTV_Sabritas_64_F_2023_08_11_161856.png,2048,1536,Sabritas_64_F,226,831,959,1536
CCTV_Sabritas_64_F_2023_08_11_161900.png,2048,1536,Sabritas_64_F,84,598,569,1292
CCTV_Sabritas_64_F_2023_08_11_161902.png,2048,1536,Sabritas_64_F,894,320,1300,890
CCTV_SixPack_2023_08_17_182107.png,2048,1536,RufflesQ_48_F,153,736,484,1295
CCTV_SixPack_2023_08_17_182107.png,2048,1536,Rancheritos_58_F,461,742,771,1307
CCTV_SixPack_2023_08_17_182107.png,2048,1536,DoritosN_61_F,743,744,1082,1360
CCTV_SixPack_2023_08_17_182107.png,2048,1536,Churrumais_70_F,1057,785,1375,1370
CCTV_SixPack_2023_08_17_182107.png,2048,1536,CheetosTorciditos_55_F,1341,762,1633,1340
CCTV_SixPack_2023_08_17_182107.png,2048,1536,FritosSalLimon_65_F,1600,801,1861,1342
CCTV_SixPack_2023_08_17_182112.png,2048,1536,FritosSalLimon_65_F,190,740,506,1273
CCTV_SixPack_2023_08_17_182112.png,2048,1536,RufflesQ_48_F,477,758,777,1344
CCTV_SixPack_2023_08_17_182112.png,2048,1536,Rancheritos_58_F,759,760,1073,1342
CCTV_SixPack_2023_08_17_182112.png,2048,1536,DoritosN_61_F,1051,764,1375,1366
CCTV_SixPack_2023_08_17_182112.png,2048,1536,Churrumais_70_F,1371,797,1645,1356
CCTV_SixPack_2023_08_17_182112.png,2048,1536,CheetosTorciditos_55_F,1612,764,1890,1307
CCTV_SixPack_2023_08_17_182119.png,2048,1536,CheetosTorciditos_55_F,233,781,531,1350
CCTV_SixPack_2023_08_17_182119.png,2048,1536,FritosSalLimon_65_F,500,785,810,1322
CCTV_SixPack_2023_08_17_182119.png,2048,1536,RufflesQ_48_F,753,791,1100,1373
CCTV_SixPack_2023_08_17_182119.png,2048,1536,Rancheritos_58_F,1037,781,1386,1342
CCTV_SixPack_2023_08_17_182119.png,2048,1536,DoritosN_61_F,1331,770,1673,1346
CCTV_SixPack_2023_08_17_182119.png,2048,1536,Churrumais_70_F,1630,781,1920,1305
CCTV_SixPack_2023_08_17_182126.png,2048,1536,Churrumais_70_F,212,791,512,1332
CCTV_SixPack_2023_08_17_182126.png,2048,1536,CheetosTorciditos_55_F,488,787,769,1375
CCTV_SixPack_2023_08_17_182126.png,2048,1536,FritosSalLimon_65_F,749,781,1039,1342
CCTV_SixPack_2023_08_17_182126.png,2048,1536,RufflesQ_48_F,986,797,1369,1366
CCTV_SixPack_2023_08_17_182126.png,2048,1536,Rancheritos_58_F,1284,762,1661,1303
CCTV_SixPack_2023_08_17_182126.png,2048,1536,DoritosN_61_F,1584,754,1941,1303
CCTV_SixPack_2023_08_17_182131.png,2048,1536,DoritosN_61_F,304,752,659,1322
CCTV_SixPack_2023_08_17_182131.png,2048,1536,Churrumais_70_F,614,789,906,1364
CCTV_SixPack_2023_08_17_182131.png,2048,1536,CheetosTorciditos_55_F,882,787,1171,1364
CCTV_SixPack_2023_08_17_182131.png,2048,1536,FritosSalLimon_65_F,1139,773,1373,1326
CCTV_SixPack_2023_08_17_182131.png,2048,1536,RufflesQ_48_F,1328,785,1681,1346
CCTV_SixPack_2023_08_17_182131.png,2048,1536,Rancheritos_58_F,1602,744,1953,1268
CCTV_SixPack_2023_08_17_182136.png,2048,1536,Rancheritos_58_F,286,724,620,1287
CCTV_SixPack_2023_08_17_182136.png,2048,1536,DoritosN_61_F,594,748,916,1336
CCTV_SixPack_2023_08_17_182136.png,2048,1536,Churrumais_70_F,888,781,1190,1360
CCTV_SixPack_2023_08_17_182136.png,2048,1536,CheetosTorciditos_55_F,1155,785,1473,1354
CCTV_SixPack_2023_08_17_182136.png,2048,1536,FritosSalLimon_65_F,1406,768,1684,1315
CCTV_SixPack_2023_08_17_182136.png,2048,1536,RufflesQ_48_F,1590,752,1939,1307
CCTV_SixPack_2023_08_17_182148.png,2048,1536,CheetosTorciditos_55_F,788,401,1088,895
CCTV_SixPack_2023_08_17_182148.png,2048,1536,FritosSalLimon_65_F,1067,432,1361,926
CCTV_SixPack_2023_08_17_182148.png,2048,1536,RufflesQ_48_F,1318,438,1692,926
CCTV_SixPack_2023_08_17_182148.png,2048,1536,Rancheritos_58_F,675,856,1079,1466
CCTV_SixPack_2023_08_17_182148.png,2048,1536,DoritosN_61_F,1047,897,1424,1509
CCTV_SixPack_2023_08_17_182148.png,2048,1536,Churrumais_70_F,1408,901,1704,1470
CCTV_SixPack_2023_08_17_182159.png,2048,1536,FritosSalLimon_65_F,745,403,1041,875
CCTV_SixPack_2023_08_17_182159.png,2048,1536,RufflesQ_48_F,1020,399,1331,883
CCTV_SixPack_2023_08_17_182159.png,2048,1536,Churrumais_70_F,1318,438,1647,893
CCTV_SixPack_2023_08_17_182159.png,2048,1536,CheetosTorciditos_55_F,679,854,1016,1450
CCTV_SixPack_2023_08_17_182159.png,2048,1536,Rancheritos_58_F,998,856,1349,1444
CCTV_SixPack_2023_08_17_182159.png,2048,1536,DoritosN_61_F,1339,891,1647,1452
CCTV_SixPack_2023_08_17_182208.png,2048,1536,RufflesQ_48_F,733,346,1086,795
CCTV_SixPack_2023_08_17_182208.png,2048,1536,Churrumais_70_F,1067,379,1359,821
CCTV_SixPack_2023_08_17_182208.png,2048,1536,DoritosN_61_F,1324,372,1679,826
CCTV_SixPack_2023_08_17_182208.png,2048,1536,FritosSalLimon_65_F,737,779,1065,1366
CCTV_SixPack_2023_08_17_182208.png,2048,1536,CheetosTorciditos_55_F,1055,797,1381,1391
CCTV_SixPack_2023_08_17_182208.png,2048,1536,Rancheritos_58_F,1365,803,1696,1366
CCTV_SixPack_2023_08_17_182220.png,2048,1536,Churrumais_70_F,792,322,1098,768
CCTV_SixPack_2023_08_17_182220.png,2048,1536,DoritosN_61_F,1079,344,1373,797
CCTV_SixPack_2023_08_17_182220.png,2048,1536,Rancheritos_58_F,1349,334,1714,787
CCTV_SixPack_2023_08_17_182220.png,2048,1536,RufflesQ_48_F,739,764,1151,1358
CCTV_SixPack_2023_08_17_182220.png,2048,1536,FritosSalLimon_65_F,1110,785,1435,1356
CCTV_SixPack_2023_08_17_182220.png,2048,1536,CheetosTorciditos_55_F,1406,766,1714,1326
CCTV_SixPack_2023_08_17_182231.png,2048,1536,DoritosN_61_F,788,279,1106,726
CCTV_SixPack_2023_08_17_182231.png,2048,1536,Rancheritos_58_F,1090,281,1396,705
CCTV_SixPack_2023_08_17_182231.png,2048,1536,CheetosTorciditos_55_F,1373,317,1684,746
CCTV_SixPack_2023_08_17_182231.png,2048,1536,Churrumais_70_F,781,691,1094,1230
CCTV_SixPack_2023_08_17_182231.png,2048,1536,RufflesQ_48_F,1061,709,1430,1260
CCTV_SixPack_2023_08_17_182231.png,2048,1536,FritosSalLimon_65_F,1398,730,1714,1272
CCTV_SixPack_2023_08_17_182311.png,2048,1536,Rancheritos_58_F,845,258,1153,673
CCTV_SixPack_2023_08_17_182311.png,2048,1536,CheetosTorciditos_55_F,1131,287,1424,705
CCTV_SixPack_2023_08_17_182311.png,2048,1536,FritosSalLimon_65_F,1381,285,1702,695
CCTV_SixPack_2023_08_17_182311.png,2048,1536,DoritosN_61_F,767,660,1137,1244
CCTV_SixPack_2023_08_17_182311.png,2048,1536,Churrumais_70_F,1128,677,1433,1232
CCTV_SixPack_2023_08_17_182311.png,2048,1536,RufflesQ_48_F,1431,701,1759,1238
CCTV_SixPack_2023_08_17_182327.png,2048,1536,Rancheritos_58_F,277,454,757,721
CCTV_SixPack_2023_08_17_182327.png,2048,1536,CheetosTorciditos_55_F,739,475,1255,738
CCTV_SixPack_2023_08_17_182327.png,2048,1536,FritosSalLimon_65_F,1239,483,1718,750
CCTV_SixPack_2023_08_17_182327.png,2048,1536,DoritosN_61_F,194,699,706,1044
CCTV_SixPack_2023_08_17_182327.png,2048,1536,Churrumais_70_F,686,736,1241,1040
CCTV_SixPack_2023_08_17_182327.png,2048,1536,RufflesQ_48_F,1230,728,1796,1054
CCTV_SixPack_2023_08_17_182335.png,2048,1536,FritosSalLimon_65_F,265,530,757,793
CCTV_SixPack_2023_08_17_182335.png,2048,1536,Rancheritos_58_F,739,507,1267,801
CCTV_SixPack_2023_08_17_182335.png,2048,1536,CheetosTorciditos_55_F,1263,552,1757,817
CCTV_SixPack_2023_08_17_182335.png,2048,1536,RufflesQ_48_F,200,760,726,1117
CCTV_SixPack_2023_08_17_182335.png,2048,1536,DoritosN_61_F,704,795,1308,1134
CCTV_SixPack_2023_08_17_182335.png,2048,1536,Churrumais_70_F,1275,819,1786,1095
CCTV_SixPack_2023_08_17_182341.png,2048,1536,CheetosTorciditos_55_F,304,524,786,783
CCTV_SixPack_2023_08_17_182341.png,2048,1536,FritosSalLimon_65_F,773,519,1310,809
CCTV_SixPack_2023_08_17_182341.png,2048,1536,Rancheritos_58_F,1298,530,1812,824
CCTV_SixPack_2023_08_17_182341.png,2048,1536,Churrumais_70_F,245,775,743,1072
CCTV_SixPack_2023_08_17_182341.png,2048,1536,RufflesQ_48_F,731,772,1316,1138
CCTV_SixPack_2023_08_17_182341.png,2048,1536,DoritosN_61_F,1304,819,1845,1140
CCTV_SixPack_2023_08_17_182402.png,2048,1536,CheetosTorciditos_55_F,847,309,1357,556
CCTV_SixPack_2023_08_17_182402.png,2048,1536,Rancheritos_58_F,494,493,1047,766
CCTV_SixPack_2023_08_17_182402.png,2048,1536,DoritosN_61_F,463,760,1055,1095
CCTV_SixPack_2023_08_17_182402.png,2048,1536,Churrumais_70_F,733,1056,1333,1401
CCTV_SixPack_2023_08_17_182402.png,2048,1536,RufflesQ_48_F,1088,768,1675,1109
CCTV_SixPack_2023_08_17_182402.png,2048,1536,FritosSalLimon_65_F,1106,530,1641,791
CCTV_SixPack_2023_08_17_182416.png,2048,1536,FritosSalLimon_65_F,706,323,1210,561
CCTV_SixPack_2023_08_17_182416.png,2048,1536,CheetosTorciditos_55_F,906,535,1488,871
CCTV_SixPack_2023_08_17_182416.png,2048,1536,Churrumais_70_F,881,778,1479,1141
CCTV_SixPack_2023_08_17_182416.png,2048,1536,Rancheritos_58_F,228,478,732,757
CCTV_SixPack_2023_08_17_182416.png,2048,1536,DoritosN_61_F,188,718,728,1057
CCTV_SixPack_2023_08_17_182416.png,2048,1536,RufflesQ_48_F,494,1016,1114,1412
CCTV_SixPack_2023_08_17_182425.png,2048,1536,Rancheritos_58_F,847,404,1204,871
CCTV_SixPack_2023_08_17_182425.png,2048,1536,DoritosN_61_F,757,835,1184,1451
CCTV_SixPack_2023_08_17_182425.png,2048,1536,RufflesQ_48_F,1120,1139,1728,1506
CCTV_SixPack_2023_08_17_182425.png,2048,1536,Churrumais_70_F,1673,882,1977,1384
CCTV_SixPack_2023_08_17_182425.png,2048,1536,CheetosTorciditos_55_F,1616,471,1932,912
CCTV_SixPack_2023_08_17_182425.png,2048,1536,FritosSalLimon_65_F,1151,420,1675,686
CCTV_SixPack_2023_08_17_182433.png,2048,1536,Rancheritos_58_F,718,431,1271,729
CCTV_SixPack_2023_08_17_182433.png,2048,1536,FritosSalLimon_65_F,1184,308,1561,753
CCTV_SixPack_2023_08_17_182433.png,2048,1536,CheetosTorciditos_55_F,1545,339,1922,782
CCTV_SixPack_2023_08_17_182433.png,2048,1536,DoritosN_61_F,751,769,1141,1378
CCTV_SixPack_2023_08_17_182433.png,2048,1536,RufflesQ_48_F,1155,1084,1745,1488
CCTV_SixPack_2023_08_17_182433.png,2048,1536,Churrumais_70_F,1704,782,1983,1292
CCTV_SixPack_2023_08_17_182444.png,2048,1536,CheetosTorciditos_55_F,432,373,949,631
CCTV_SixPack_2023_08_17_182444.png,2048,1536,Rancheritos_58_F,1067,292,1583,569
CCTV_SixPack_2023_08_17_182444.png,2048,1536,RufflesQ_48_F,337,737,684,1314
CCTV_SixPack_2023_08_17_182444.png,2048,1536,Churrumais_70_F,671,767,1100,1320
CCTV_SixPack_2023_08_17_182444.png,2048,1536,DoritosN_61_F,1065,690,1526,1310
CCTV_SixPack_2023_08_17_182444.png,2048,1536,FritosSalLimon_65_F,1563,831,1861,1392
CCTV_SixPack_2023_08_17_182505.png,2048,1536,RufflesQ_48_F,283,333,830,847
CCTV_SixPack_2023_08_17_182505.png,2048,1536,FritosSalLimon_65_F,300,641,863,1212
CCTV_SixPack_2023_08_17_182505.png,2048,1536,Churrumais_70_F,528,822,1077,1427
CCTV_SixPack_2023_08_17_182505.png,2048,1536,Rancheritos_58_F,957,782,1575,1449
CCTV_SixPack_2023_08_17_182505.png,2048,1536,DoritosN_61_F,879,410,1459,994
CCTV_SixPack_2023_08_17_182505.png,2048,1536,CheetosTorciditos_55_F,653,316,1151,800
